										
WORD	animal		back		bad		belly		big	
Ten'en_Palian	ʔay	0	kaʁɔʔ	0	gbaʔ	3	ʔɛc	0	caw	6
Ten'en_Paborn	bsiŋ	6	kaʁɔʔ	0	baʔ	3	ʔec	0	ʔahaw	7
Maniq	ʔay	0	kaʔɔʔ	0	ɡəbaʔ	3	cɨŋ	1	ʔəhaw	7
Kensiw_Perak	hapɔʔ	3	kyɔʔ	0	mənkec	1	cɘŋ	1	tbɘʔ	5
Kensiw_Kedah	ʔay	0	kyɔʔ	0	jahat	M	cɨŋ	1	tbɨʔ	5
Kintaq	ʔay	0	kyɔʔ	0	jahat	M	cɨŋ	1	tbɨʔ	5
Jahai_Banun	ʔay	0	krɔʔ	0	laʔɨs	0	ʔɛc	0	bəw	0
Jahai_Rual	paŋen	4	krŋkɨŋ	1	jahat	M	ʔɛc	0	bəw	0
Menriq_Lah	ʔay	0	krɔʔ	0	jbec	2	kɨt	2	bəw	0
Menriq_Rual	ʔay	0	krɔʔ	0	jahat	M	cɨŋ	1	bəw	0
Batek_Teh_Taku	ʔay	0	krəʔ	0	jahat	M	kɨt	2	bəw	0
Batek_Teh_Lebir	ʔay	0	krəʔ	0	jbic	2	kɨt	2	mnaʔ	1
Batek_Teq					jbec	2	cəŋ	1	bɘw	0
Batek_Deq_Terengganu			kəɣɔʔ	0	jabec	2	cəŋ	1	bəw	0
Batek_Deq_Koh	ʔay	0	kʁɔʔ	0	jahat	M	cɨŋ	1	bɘw	0
Ceq_Wong	nataŋ	M	hŋkɨŋ	1	jabuc	2	ʔac	0	mnɨʔ	1
Semnam_Bal	ʔntĕʔ	5	kyŏʔ	0	papa:ʔ	3	kə̆t	2	ʔibu:ʔ	M
Semnam_Malau	ʔaːy	0	kyoʔ	0	jahad	M	ʔec	0	ʔibuːʔ	M
Lanoh_Kertei	ʔay	0	krɨʔ	0	jhat	M	ʔec	0	ckɛy	2
Temiar_Kelantan	ɲam	1	kərʉʔ	0	laʔəs	0	ʔej	0	mənuːʔ	1
Temiar_Perak	ɲa:m	1	krɘʔ	0	laʔɘs	0	ʔec	0	rayaʔ	M2
Semai_Ringlet	mrgas	M2	cloːt	2	jahat	M	ʔɛc	0	ntoːy	3
Semai_Kampar	binatak	M	knõːk	4	nic	6	kət	2	ntu:y	3
Jah_Hut	nataŋ	M	kərɔʔ	0	hət ʔagan	4	ləpɛc	3	mənaʔ	1
Mah_Meri	nɛtɛŋ, nata̤̤̤̤̤k	M	cɛlɔ̤t	2	bajãw	5	ʔoʔoc	0	kadam	8
Semaq_Beri_Berua	binataŋ	M	clɔn	2	jaʔbɛc	2	lpəc	3	pagɑh	4
Semaq_Beri_Jaboy	bnataŋ	M	clɔn	2	beh ʔelɔʔ	M2	lpət	3	paʁah	4
Semelai	pʔlaʔ	2	clɔn	2	daʔ ʔilɔk	M3	lpəc	3	tʰəy	3
Kammu	tóo sét	7	kntrɔɔŋ	3	súa	L	lùuy	4	nám	8
Khmer_Surin	sat	7	khnɒ:ŋ	4	mən lʔɒ:	7	pŏah	5	thom	8
Khmer_Siem_Reap	sat	7	khnɒ:ŋ	4	mən lʔɒ:	7	pŏɔh	5	thɔm	8
Mon	təroʔ can	P	cah	5	pərɛʔ	8	pɐ̤ŋ	6	n̥o̤k	9
										
WORD	bird		bite		blood		blow		bone	
Ten'en_Palian	kawaw	1	kap	0	mhɨ̃m	0	bwaʔ	A	ʔiyeŋ	0
Ten'en_Paborn	kawaw	1	kap	0	mhɨ̃m	0	bwaʔ	A	ʔiyeŋ	0
Maniq	kawaw	1	kap	0	mahɨm	0	pɨt	0	ʔiyeŋ	0
Kensiw_Perak	kawaw	1	kap	0	mhɘ̃m	0	bɛwaʔ	A	ʔiyeŋ	0
Kensiw_Kedah	kawaw	1	kap	0	mhɨ̃m	0	bɛwaʔ	A	ʔiʔeŋ	0
Kintaq	kawaw	1	kap	0	mhɨ̃m	0	bɛwaʔ	A	ʔiʔeŋ	0
Jahai_Banun	kawɔ̃t	0	kap	0	darah	M	pɨt	0	jʔeŋ	0
Jahai_Rual	kawɔ̃t	0	kap	0	darah	M	bgiw	5	jʔeŋ	0
Menriq_Lah	kawaw	1	kap	0	ɲap	1	hphip	6	jʔiŋ	0
Menriq_Rual	kawaw	1	kap	0	bhɨ̃m	0	hilhul	2	jʔiŋ	0
Batek_Teh_Taku	kawaw	1	kap	0	ɲap	1	hlhol	2	jʔiŋ	0
Batek_Teh_Lebir	kawaw	1	kap	0	ɲap	1	prhur	2	jʔiŋ	0
Batek_Teq	kawaw	1	kap	0	ɲap	1	pət	0	tulaŋ	M
Batek_Deq_Terengganu	kawaw	1	kap	0	ɲap	1	pɘt	0	tulaŋ	M
Batek_Deq_Koh	kawaw	1	kap	0	ɲap	1	pɨt	0	tulaŋ	M
Ceq_Wong	kawaw	1	kap	0	mhə̃m	0	pət	0	jʔeŋ	0
Semnam_Bal	ceːm	2	kăp	0	dayăh	M	tapə:t	0	jʔa:ŋ	0
Semnam_Malau	ceːm	2	kap	0	dayah	M	payək	1	jʔaːŋ	0
Lanoh_Kertei	cɛp	2	kap	0	darah	M	parɨk	1	jʔaŋ	0
Temiar_Kelantan	cɛp	2	kab	0	lɔːt	2	təhoːl	2	jəʔaːk	0
Temiar_Perak	cɛp	2	kab	0	lɔ:t	2	thɔr	2	jʔɛ̃:ŋ	0
Semai_Ringlet	cɛːp	2	kap	0	bhiːp	0	tyup	M	jʔaːk	0
Semai_Kampar	cɛːp	2	kap	0	bhi:p	0	tho:l	2	jʔɒːk	0
Jah_Hut	cɛm	2	rɛɲ	1	nəhim	0	put	0	jəʔaŋ	0
Mah_Meri	ci̤p	2	gɛ̤k	2	maham	0	kaʔɔh	3	jəʔa̤̤k	0
Semaq_Beri_Berua	kawɑw	1	gɑɲ	3	maham	0	hmos	M2	jəʔaŋ	0
Semaq_Beri_Jaboy	kawaw	1	gan	3	maham	0	hɔl	2	jʔaŋ	0
Semelai	cim	2	gaɲ	3	mham	0	ʔɔh	3	jʔaŋ	0
Kammu	síim	2	pók	4	màam	0	húr	2	cʔáaŋ	0
Khmer_Surin	sat slaːp	3	kham	0	chiəm	0	phlom	4	cəʔʌŋ	0
Khmer_Siem_Reap	sat slaːp	3	kham	0	chiəm	0	phlɔm	4	cəʔʌŋ	0
Mon	həcem	2	kit	5	cʰim	0	pak	7	cʰṳt	1
										
WORD	breast		breathe		child		claw/nail		cloud	
Ten'en_Palian	mam	4	jkjɨk	0	wɔŋ	0	kɔkɔʔ	0	bwaʔ	A
Ten'en_Paborn	mam	4	klaŋiɛs	3	wɔŋ	0	kuʁɔʔ	3	ŋaʔ	3
Maniq	mam	4	ɲkɲɛk	0	wɔŋ	0	kukɔʔ	0	ʔal	1
Kensiw_Perak	ʔãm	0	nkjɨk	0	ʔanɛk	M	klkɔʔ	0	ʔal	1
Kensiw_Kedah	ʔãm	0	jkjɨk	0	ʔanɛk	M	klkɔʔ	0	ʔal	1
Kintaq	ʔãm	0	jkjɨk	0	ʔanɛk	M	klkɔʔ	0	ʔal	1
Jahai_Banun	ʔɛ̃m	0	jkjɨk	0	wɔŋ/kɛn	1	klkɔʔ/katɔ̃ŋ/cnrɔs	0	sagup	0
Jahai_Rual	ʔɛ̃m	0	nkjɨk	0	kɛn	1	klkɔʔ	0	sagup	0
Menriq_Lah	ʔãm	0	tarik napəs	M	kɛn	1	cnrɔs	2	kabut	M
Menriq_Rual	ʔãm	0	nkjɨk	0	kɛn	1	klkɔʔ	0	sagup	0
Batek_Teh_Taku	ʔãm	0	tarik napəs	M	ʔanak	M	klkɔʔ	0	kabut	M
Batek_Teh_Lebir	ʔãm	0	tarik klaŋɛs	3	kɛn	1	klkɔʔ	0	kabut	M
Batek_Teq	ʔãm	0	hɔ̃k	2	ʔawãʔ	2	kalkɔʔ	0	kabut	M
Batek_Deq_Terengganu	ʔãm	0					kalkɔʔ	0	kabut	M
Batek_Deq_Koh	ʔãm	0	bəhidap	M1	ʔawãʔ, ʔawɛ̃ʔ	2	kalkɔʔ	0	kabut	M
Ceq_Wong	buʔ	1	hnjɨk	0	wɔŋ	0	skɔʔ; lkɔʔ	0	ʔɑl	1
Semnam_Bal	mɛ:m	4	hkhɛ̃:k	2	kuoːn	1	cnyɔ:s	2	sagŭp	0
Semnam_Malau			jgjɨːg	0	kuoːn	1			sagup	0
Lanoh_Kertei			humhũm	1	kɔn	1			sagup	0
Temiar_Kelantan	bɔt	2	hənum	1	kəwɔt	1	cɛnrɔːs	2	sagub	0
Temiar_Perak	bɔt	2	hmhũ:m	1	kwɔ:t	1	cnrɔ:s	2	sagup	0
Semai_Ringlet	mɛːm	4	tareʔ napas	M	saŋɛt	3	cnroːs	2	sagup	0
Semai_Kampar	mɛːm	4	brlhɨm	1	saŋẽːt	3	cŋroːs	2	sagɔp	0
Jah_Hut	buʔ	1	tarek nəhɔm; hɔm [hɔbm]	1	ʔiwãʔ	2	cuwes	2	kabut	M
Mah_Meri	tuh	3	trek napas	M	kənɔn; budɛk	1	kɔkɔ̃t	1	kabut	M
Semaq_Beri_Berua	tuh	3	nəhɔm 	1	ʔiwãʔ	2	tlkɔʔ	0	samoʔ 	2
Semaq_Beri_Jaboy	tuh	3	tarek ʔahɔm	1	knkɔn	1	tlkɔʔ	0	laŋit	M1
Semelai	tuh	3	ʔamhɔm	1	knɔn; knkɔn	1	cros	2	kabut	M
Kammu	pù	1	tóh hrɲɨam	1	kʹɔɔn nɛ	1	tmmʹɔɔŋ	4	púut	4
Khmer_Surin	dɒh	3	dɒːʔ təŋhʌːm	1	koːn	1	kəcɒːʔ	5	pəpuaʔ	2
Khmer_Siem_Reap	dɒh	3	təhaʌːm	1	kɔon	1	kəcɔːʔ	5	pəpɔok	2
Mon	tɔh	3	yɐ̤m	4	kon ŋa̤ic	1	n̥im toa	6	mo̤t pro̤a	5
										
WORD	cut		dance		day		die		dig	
Ten'en_Palian	cah	5	kajɛː	3	ktɔʔ	0	sɔʔ	4	cɛt	5
Ten'en_Paborn	ʁos	6	kayɛː	3	ktɔʔ	0	sɔʔ	4	cɛt	5
Maniq	cah	5	kayɛ	3	katɔʔ	0	sɔʔ	4	ce	8
Kensiw_Perak	cah	5	kjɛh	3	ktɔʔ	0	kbis	0	bay	0
Kensiw_Kedah	get	0	kɛjɛh	3	ktɔʔ	0	kbis	0	bay	0
Kintaq	get	0	kɛjɛh	3	ppjãp	7	kbis	0	bay	0
Jahai_Banun	get	0	sisɛʔ	0	ktɔʔ	0	kbis	0	bay	0
Jahai_Rual	get	0	kŋsiŋ	1	ktɔʔ	0	kbis	0	bay	0
Menriq_Lah	get	0	krjɛr	3	ktɔʔ	0	ʔnsɔʔ	4	bay	0
Menriq_Rual	kɛc	2	kŋsiŋ	1	ktɔʔ	0	kmɔc	1	bay	0
Batek_Teh_Taku	git	0	kŋsiŋ	1	ktɔʔ	0	ʔnsɔʔ	4	bay	0
Batek_Teh_Lebir	kɛc	2	kŋsiŋ	1	ktɔʔ	0	halɔt	2	bay	0
Batek_Teq	tutoh	7			ktɔʔ	0	halɔt	2	bay	0
Batek_Deq_Terengganu	gət	0	jɔget	M	haɣeʔ	M	halɔt	2	bay	0
Batek_Deq_Koh	gɘt	0	kəŋsiŋ	1	haʁiʔ	M	halɔt	2	bay	0
Ceq_Wong	kac	2	leŋseŋ	1	ktɔʔ	0	kbɨs	0	bɑy	0
Semnam_Bal	gə:t	0	kɛ:k	4	hayi:ʔ	M	kbə̆s	0	ba:y	0
Semnam_Malau	gəd	0			yis	2	kbəs	0	kəp	1
Lanoh_Kertei	gɨt	0			yis	2	kbɨs	0	bay	0
Temiar_Kelantan	gəd	0	sisɛʔ	0	ʔis	3	kəbəs	0	pəg	2
Temiar_Perak	gɘt	0	sisɛʔ	0	ʔsʔis	3	kbɘs	0	pɘk	2
Semai_Ringlet	koh	4	mnariʔ	M2	hariʔ	M	ndat	3	coːp	3
Semai_Kampar	koh	4	gŋsaːk	1	jiːs	2	dat	3	coːp	3
Jah_Hut	kɛc	2	ɲɔʔget	M	ktɔʔ	0	kbɨs	0	cwɔm	3
Mah_Meri	təc	3	loŋge̤k	M1	cohoy	4	kəbəs	0	kokoc	4
Semaq_Beri_Berua	kɔc	2	ʔaray	2	tŋi	5	kbəs	0	bɑy	0
Semaq_Beri_Jaboy	təp	6	jɔget	M	tŋi	5	kbəs	0	bɑy	0
Semelai	tkəl	1	jɔget	M	tɲɪ	6	kʰbəs	0	bɒy	0
Kammu	páat	8	tʹɛ	5	mɨɨ	8	háan	5	khʹɨaŋ	6
Khmer_Surin	kat	0	rɨ̆am	6	ŋay	5	ŋɨ̆ap	6	ciːʔ	7
Khmer_Siem_Reap	kat	0	rə̆am	6	ŋay	5	ŋə̆ap	6	cic	7
Mon	həpo̤t	8	 le̤h	7	ŋoa	5	cʰɒt	7	ɓɔk	2
										
WORD	dirty		dog		drink		ear		earth	
Ten'en_Palian	ʁyɛ̃c	6	ʔɛʔ	3	buʔ	6	ʔnteŋ	0	tieʔ	0
Ten'en_Paborn	batĩk	7	ʔeʔ	3			ʔnteŋ	0	tieʔ	0
Maniq	batĩk	7	ʔeʔ	3	buʔ	6	ʔantɛŋ	0	tieʔ	0
Kensiw_Perak	kamah	1	ʔɛʔ	3	buʔ	6	ʔnteŋ	0	tɛʔ	0
Kensiw_Kedah	kamah	1	ʔɛʔ	3	buʔ	6	ʔnteŋ	0	teʔ	0
Kintaq	kamah	1	ʔeʔ	3	buʔ	6	ʔnteŋ	0	teʔ	0
Jahai_Banun	kotɔh	M	ʔɔ̃t	0	ʔɛ̃m	0	ʔnteŋ	0	teʔ	0
Jahai_Rual	kotɔh	M	ʔɔ̃t	0	ʔɛ̃m	0	ʔnteŋ	0	teʔ	0
Menriq_Lah	jʔɔm	0	ʔasuʔ	A	ʔãm	0	ʔnteŋ	0	teʔ	0
Menriq_Rual	jʔɔm	0	ʔasuʔ	A	ʔãm	0	ʔntiŋ	0	teʔ	0
Batek_Teh_Taku	jʔɔm	0	ʔasuʔ	A	ʔãm	0	ʔnteŋ	0	teʔ	0
Batek_Teh_Lebir	kamah	1	ʔasuʔ	A	ʔãm	0	ʔntiŋ	0	teʔ	0
Batek_Teq			ʔasuʔ	A	ʔãm	0	ʔntɘŋ	0		
Batek_Deq_Terengganu	kamah	1	ʔasuʔ	A	ʔam	0	ʔntəŋ	0	teʔ	0
Batek_Deq_Koh	kamah	1	ʔasuʔ	A	ʔãm	0	ʔəntɘŋ	0	teʔ	0
Ceq_Wong	kamah	1	ʔɛ̃ŋ	2	ʔuh	1	hntaŋ	0	tɛʔ	0
Semnam_Bal	kama:h	1	cuoːʔ	1	ʔɔ̃ŋ	2	kntɔk	0	tɛ̆ʔ	0
Semnam_Malau	kotɔy	M	cuoːʔ	1	ʔɔ̃ŋ	2	gntɔk	0	tɛʔ	0
Lanoh_Kertei	laʔɨs	2	ʔacɛ̃ʔ	1	ʔɔ̃ŋ	2	gntɔok	0	tɛʔ	0
Temiar_Kelantan	laʔəs	2	cəwɔʔ	1	ʔɔːk	2	gɛntɔk	0	tɛʔ	0
Temiar_Perak	laʔɘs	2	cwɔ:ʔ	1	ʔɔ̃:ŋ	2	gntɔk	0	tɛʔ	0
Semai_Ringlet	kotoh	M	coːʔ	1	ɲɔʔ	7	ntak	0	teʔ	0
Semai_Kampar	kutɔr	M	coːʔ	1	ŋuːn	8	ntak	0	teːʔ	0
Jah_Hut	gəʔac	3	cwəʔ	1	wəh	3	ntaŋ	0	teʔ	0
Mah_Meri	koto	M	caw	1	cado	4	tə̤k	0	teʔ	0
Semaq_Beri_Berua	bseʔ	4	cɔ	1	jəʔoh	1	ntəŋ	0	ʔatɛ	0
Semaq_Beri_Jaboy	bseʔ	4	cɔh	1	jəʔɔh	1	ntəŋ	0	ʔatɛh	0
Semelai	jʔjiʔ	M1	cɔ	1	jəʔɔh	1	təŋ	0	ʔatɛ	0
Kammu	cə	4	sʹɔ	1	ʔwʹɨak	9	hrməəy	1	pté	0
Khmer_Surin	dʌt	8	cəkɛː	4	pɦʌʔ	6	təcɪːʔ	2	dɛy	0
Khmer_Siem_Reap	kəŋwɔʔ	9	cəkaɛ	4	phʌʔ	6	təciəʔ	2	dʌy	0
Mon	klɔeʔ	10	klɛ	5	sɐ̤ŋ	10	kəto	3	toeʔ	0
										
WORD	eat		egg		eye		fall		far	
Ten'en_Palian			makɔʔ	0	mɛt	0	ʁɛs	0	ʔomɛt	5
Ten'en_Paborn	hãw	2	ʔntɛp	2	mɛt	0	jmpɨh	9	ʔomɛt	5
Maniq	hãw	2	makɔʔ	0	mɛt	0	yəmpɨh	9	ʔamɛt	5
Kensiw_Perak	ciʔ	1	makɔʔ	0	mɛt	0	hɔ̃s	1	mɲjiʔ	0
Kensiw_Kedah	ciʔ	1	makɔʔ	0	mɛt	0	swɛt	8	mɲjiʔ	0
Kintaq	ciʔ	1	makɔʔ	0	mɛt	0	swɛt	8	mɲjiʔ	0
Jahai_Banun	gey	0	ktɨt	1	mit	0	rɛs	0	mɲjiʔ	0
Jahai_Rual	gey	0	ktɨt	1	mit	0	rɛs	0	mɲjiʔ	0
Menriq_Lah	ciʔ	1	makɔʔ	0	mɛt	0	rɛs	0	mɲjiʔ	0
Menriq_Rual	ciʔ	1	makɔʔ	0	mɛt	0	dahɛs	1	mɲjiʔ	0
Batek_Teh_Taku	ciʔ	1	makɔʔ	0	mɛt	0	rɛs	0	mɲjiʔ	0
Batek_Teh_Lebir	ciʔ	1	makɔʔ	0	mɛt	0	rɛs	0	mɲjiʔ	0
Batek_Teq			makɔʔ	0	mɛt	0	pɨp	2	mɲjiʔ	0
Batek_Deq_Terengganu	ciʔ	1	makɔʔ	0	mɛt	0	pəp	2	məɲjiʔ	0
Batek_Deq_Koh	ciʔ	1	makɔʔ	0	mɛt	0	ʁəbah	M	məɲjiʔ	0
Ceq_Wong	cəʔ	1	ktuət	1	mɛ̃t	0	ras	0	con	1
Semnam_Bal	gɛːy	0	tăp	2	măt	0	kə:l	7	lyə:ʔ	2
Semnam_Malau	gɛːy	0	taːp	2	mad	0	kləʔ	3	lyəʔ	2
Lanoh_Kertei	gey	0	tap	2	mat	0	klɨʔ	3	jreʔ	2
Temiar_Kelantan	caːʔ	1	tab	2	mad	0	klʉʔ	3	jəroʔ	2
Temiar_Perak	ca:ʔ	1	ta:b	2	mat	0	klɨʔ	3	jroʔ	2
Semai_Ringlet	caʔ	1	kət	5	mat	0	lmah	M?	ɲaːʔ	0
Semai_Kampar	cɒ:ʔ	1	pəŋləːk	3	mat	0	jɨːr	10	ɲaːʔ	0
Jah_Hut	caʔ	1	pŋloŋ	3	mat	0	crəh	4	lajuʔ	0
Mah_Meri	naca	1	kəpɔh	4	mɛt	0	gwɔ̤c	5	ləp	3
Semaq_Beri_Berua	ɲca	1	mʔkʌʔ	0	mɔt	0	grək	6	ŋɑy	4
Semaq_Beri_Jaboy	mɨ̃ʔ	3	təlor	M	mat	0	gʁək	6	ŋay	4
Semelai	ca	1	kapɔh	4	mɔt	0	grək	6	ʔləp	3
Kammu	pə	3	któŋ	6	màt	0	krlɨaŋ	6	cà	0
Khmer_Surin	hoːp	4	pŏaŋ	7	phneːʔ	1	thlĕaʔ	3	chŋaːy	4
Khmer_Siem_Reap	ɲam	5	pɔoŋ	7	phneːc	1	thlĕaʔ	3	chŋaːy	4
Mon	ʃiəʔ	1	hamai	8	mo̤t	0	hətɔm 	11	hoa	6
										
WORD	fat		father		fear		fire		fish	
Ten'en_Palian	lpay	3	ʔɛy	0	mtɨŋ	1	ʔɔs	0	ʔikan	M
Ten'en_Paborn	lpay	3	ʔey	0	ʔntɨŋ	1	ʔɔs	0	ʔikan	M
Maniq	ləpay	3	ʔey	0	ʔantɨŋ	1	ʔɔs	0	ʔikan	M
Kensiw_Perak	mɲcɔʔ	2	ʔɛy	0	ʔntɨŋ	1	ʔɔs	0	ʔikan	M
Kensiw_Kedah	bɲcɔʔ	2	ʔɛy	0	ʔntɨŋ	1	ʔɔs	0	ʔikan	M
Kintaq	bɲcɔʔ	2	ʔɛy	0	ʔntɨŋ	1	ʔɔs	0	kaʔ	0
Jahai_Banun	lnʔəs	0	ʔɛy	0	hgik	0	ʔɔs	0	ʔikəʔ	0
Jahai_Rual	gmuʔ	M	ʔɛy	0	hgik	0	ʔɔs	0	ʔikəʔ	0
Menriq_Lah	tɔc	1	ʔɛy	0	ʔɲac	4	ʔɔs	0	ʔikan	M
Menriq_Rual	gmuʔ	M	ʔɛy	0	ʔntɨŋ	1	ʔɔs	0	ʔikan	M
Batek_Teh_Taku	tɔc	1	ʔɛy	0	ʔɲac	4	ʔɔs	0	ʔikan	M
Batek_Teh_Lebir	tɔc	1	ʔɛy	0	ɲac	4	ʔɔs	0	ʔikan	M
Batek_Teq	tɔc	1	ʔɛy	0	ʔntɨŋ	1	ʔɔs	0	ʔikan	M
Batek_Deq_Terengganu	tɔc	1	paʔ	M	ʔntɨŋ	1	ʔɔs	0	ʔikan	M
Batek_Deq_Koh	tɔc	1	paʔ	M	ʔəntɨŋ	1	ʔɔs	0	ʔikan	M
Ceq_Wong	lʔos (grease); bcɔʔ (adj)	0	bap	1	hntɨŋ	1	ʔɔs	0	kiəʔ	0
Semnam_Bal	ʔsi:ʔ	M1	doːʔ	2	tuːŋ	1	ʔoːs	0	kaːʔ	0
Semnam_Malau	lʔɔs	0	doːʔ	2	tuŋ	1	ʔoːs	0	kaʔ	0
Lanoh_Kertei	lʔɔs	0	doʔ	2	tuŋ	1	ʔos	0	kaʔ	0
Temiar_Kelantan	lɛnʔɔs	0	bəːh	3	tuːk	1	ʔoːs	0	kaːʔ	0
Temiar_Perak	lʔɔs	0	do:ʔ	2	tuk	1	ʔo:s	0	kaʔ	0
Semai_Ringlet	nto:y		ʔapaʔ	M	səŋɔh	3	ʔɔːs	0	kaːʔ	0
Semai_Kampar	bɲcɔːʔ	2	ʔapaʔ	M	sŋɔh	3	ʔɒːs	0	kɒːʔ	0
Jah_Hut	gmɔk	M	ʔibeʔ	3	bhɛc	2	ʔɔs	0	kaʔ	0
Mah_Meri	bəcuʔ	2	kṳc	5	gəliʔ	M	ʔus	0	ka	0
Semaq_Beri_Berua	bcuʔ	2	ʔibɛʔ	3	btʰɔŋ	1	ʔus	0	ʔikan	M
Semaq_Beri_Jaboy	bcuʔ	2	ʔipəʔ	9	btʰɔŋ	1	ʔus	0	kah	0
Semelai	gmuk	M	bapaʔ	M	btʰɔŋ	1	ʔus	0	crɛh	1
Kammu	məəy	3	yòŋ	6	ŋɔ	3	prlɨa	1	ká	0
Khmer_Surin	thʌt	4	ʔɔ̯o	7	khlaːc	5	phlɨːŋ	2	trɛi̯	2
Khmer_Siem_Reap	thə̆at	4	paː	3	khlaːc	5	phləːŋ	2	trʌy	2
Mon	klɔiŋ	5	əpa	3	phɔic	2	kəmot	3	kɒʔ	0
										
WORD	flow		flower		foot		fruit		full	
Ten'en_Palian	hlɛy	2	hpɔk	1	can	0	kbəʔ	0	hbuɲ	2
Ten'en_Paborn	hawɨt	0	hpɔŋ	1	can	0	kbɘʔ	0	bɛm	0
Maniq	lɛy	2	hapɔŋ	1	can	0	kabɨʔ	0	habuɲ	2
Kensiw_Perak	wet	0	buŋaʔ	M	can	0	kbɘʔ	0	pɘh	3
Kensiw_Kedah	wet	0	buŋaʔ	M	can	0	kbəʔ	0	hbuɲ	2
Kintaq	wet	0	buŋaʔ	M	can	0	kbəʔ	0	pəh	3
Jahai_Banun	wet	0	buŋɛʔ	M	can	0	kmɔʔ	0	sbem	0
Jahai_Rual	wit	0	buŋɛʔ	M	can	0	kmɔʔ	0	sbem	0
Menriq_Lah	ʔayũt	M	buŋaʔ	M	can	0	kəbɘʔ	0	sbem	0
Menriq_Rual	ʔayũt	M	buŋaʔ	M	can	0	kbɨʔ	0	sbim	0
Batek_Teh_Taku	ʔayũt	M	buŋaʔ	M	can	0	kbɨʔ	0	sbem	0
Batek_Teh_Lebir	ʔayũt	M	buŋaʔ	M	can	0	kbɘʔ	0	sbim	0
Batek_Teq	wət	0	boŋaʔ	M	can	0	kbəʔ	0	pnoh	M
Batek_Deq_Terengganu	simɔ̃r	M1	buŋaʔ	M	can	0	kəbɘʔ	0	pənuh	M
Batek_Deq_Koh	wɘt	0	buŋaʔ	M	can	0	kəbɘʔ ploʔ	0,1	pənuh	M
Ceq_Wong	wət	0	bkɑw	0	cɑn	0	ploʔ	1	bək	1
Semnam_Bal	wi:t	0	buŋaːʔ	M	jŭk	1	kmɔːʔ	0	tbı̆k	1
Semnam_Malau	wit	0	buŋaʔ	M	juk	1	kmɔʔ	0		
Lanoh_Kertei	wit	0	buŋaʔ	M	juk	1	kmɔʔ	0		
Temiar_Kelantan	wid	0	boŋaːʔ	M	juk	1	kəbəʔ	0	təbik	1
Temiar_Perak	wit	0	bka:w	0	juk	1	kbɘʔ	0	tbik	1
Semai_Ringlet	gəl	1	buŋəh	M	juk	1	plɛːʔ	1	tbeːk	1
Semai_Kampar	gəl	1	buŋaːʔ	M	juk	1	plɛːʔ	1	tbeːk	1
Jah_Hut	ʔaler	M4	bkaw	0	jɔŋ	1	pləʔ	1	pnoh	M
Mah_Meri	ʔaɰus	M2	boŋaʔ	M	jɔ̤k	1	ple	1	m̥bə̤c	2
Semaq_Beri_Berua	jrəm	M3	buŋɔʔ	M	jɔŋ	1	kbəʔ	0	tbiŋ	1
Semaq_Beri_Jaboy	mŋale	M4	boŋaʔ	M	jʁɔŋ	1	buwah	M	tbiŋ	1
Semelai	gəl	1	bkaw	0	jɔŋ	1	ple	1	sbəɲ	2
Kammu	hrlòoy	2	ràaŋ	2	cɨaŋ	1	plé	1	kíɲ	4
Khmer_Surin	hoːr	3	pəkaː	3	cɨːŋ	1	phlɛː	1	peɲ	2
Khmer_Siem_Reap	hɔo	3	phkaː	3	cəːŋ	1	phlaɛ	1	peɲ	2
Mon	ʍo̤	3	kao	0	ca̤ŋ	1	sɔt cʰuʔ	2	pɔiɲ	2
										
WORD	give		good		hair		hand		he	
Ten'en_Palian	ʔɛk	0	bʔɛt	0	sɔk	0	cas	0	mɔh	1
Ten'en_Paborn	ʔɛk	0	bʔɛt	0	sɔk	0	cas	0		
Maniq	ʔɛk	0	baʔɛt	0	sɔk	0	cas	0	ʔuʔ	0
Kensiw_Perak	ʔɛk	0	btʔɛt	0	sɔk	0	cas	0	ʔaw	6
Kensiw_Kedah	ʔɛk	0	btʔɛt	0	sɔk	0	cas	0	ʔuʔ	0
Kintaq	ʔɛk	0	bʔət	0	sɔk	0	cas	0	ʔuʔ	0
Jahai_Banun	ʔɛk	0	btʔɛt	0	sɔk	0	cyas	0	ʔoʔ	0
Jahai_Rual	ʔɛk	0	btʔɛt	0	sɔk	0	cyas	0	ʔoʔ	0
Menriq_Lah	ʔɛk	0	ʔabən	1	sɔk	0	cas	0	ʔuʔ	0
Menriq_Rual	ʔɛk	0	ʔabən	1	sɔk	0	cyas	0	bɛʔ	5
Batek_Teh_Taku	bagiː	M	ʔabən	1	sɔk	0	cas	0	bɛʔ	5
Batek_Teh_Lebir	ʔɛk	0	ʔabən	1	sɔk	0	cas	0	bɛʔ	5
Batek_Teq	ʔɛk	0	bətʔɛt	0	sɔk	0	cas	0	ʔoʔ	0
Batek_Deq_Terengganu	ʔɛk	0	bətʔɛt	0	sɔk	0	cas	0	ʔoʔ	0
Batek_Deq_Koh	ʔɛk	0	bətʔɛt	0	sɔk	0	cas	0	ʔoʔ	0
Ceq_Wong	ʔak	0	bayek	M	sɔk	0	cɑs	0	ʔuh	0
Semnam_Bal	ʔo:k	0	bʔɛ̆t	0	sntɔːl	1	tiːŋ	1	ʔɔ̆h	0
Semnam_Malau	ʔog	0	bʔɛt	0	sntɔl	1	tiːŋ	1	ʔaʔɔh	0
Lanoh_Kertei	ʔɔok	0	bʔɛt	0	sɔok	0	tiŋ	1		
Temiar_Kelantan	ʔog	0	mɛj	2	soːg	0	tiːk	1	na-	2
Temiar_Perak	ʔo:k	0	mɛc	2	so:k	0	ti:k	1	na-	2
Semai_Ringlet	ʔɔːk	0	bɔːr	4	sɔːk	0	tək	1	ki-	4
Semai_Kampar	ʔɒːk	0	bɒːr	4	sɒːk	0	tək	1	kəːʔ	4
Jah_Hut	ʔɔk	0	ʔagan	3	sɔk	0	tiŋ	1	yəh	3
Mah_Meri	jə̤t	1	ʔelɔʔ	M1	sup/suk	0	tʰi/ti	2	ŋ̊kiʔ	4
Semaq_Beri_Berua	jon	1	bayek	M	suk	0	tʰi	2	kɛ	4
Semaq_Beri_Jaboy	jon	1	bayek	M	suk	0	tʰI	2	kɛh	4
Semelai	jon	1	ʔilɔk	M1	suk	0	tʰi	2	kəh	4
Kammu	ùun	2	lə	5	klə	2	tí	2	kəə	4
Khmer_Surin	ʔɔːy	3	ləʔɒː	6	sɒʔ	0	day	2	kɨ̆at	7
Khmer_Siem_Reap	ʔaɔy	3	ləʔɔː	6	sɔʔ	0	day	2	kə̆at	7
Mon	kɔ	4	kʰɒh	7	sok	0	toa	2	ɗeh, ɲɛ̤h	8, 3
										
WORD	head		hear		heavy		here		hold	
Ten'en_Palian	kuy	0	kjeŋ	0	blyut	0	kəp ʔɛt	3	yyəy	4
Ten'en_Paborn	kuy	0					yɨh	5	diʔ	5
Maniq	kuy	0	kayeŋ	0	haɲut	0	ki=ʔɛn	3	yɨy	4
Kensiw_Perak	kuy	0	kjeŋ	0	ʔɛwah	2	ʔɨ̃h	0	cɛp	0
Kensiw_Kedah	kuy	0	kjeŋ	0	ʔɛwah	2	ʔɨ̃h	0	cɛp	0
Kintaq	kuy	0	kjeŋ	0	ʔɛwah	2	ʔɨ̃h	0	cɛp	0
Jahai_Banun	kuy	0	kjeŋ	0	hɲjut	0	ʔə̃h	0	pgɛŋ	M
Jahai_Rual	kuy	0	kjeŋ	0	hɲjut	0	ʔə̃h	0	pgɛŋ	M
Menriq_Lah	kuy	0	kjeŋ	0	hɲjut	0	tɘh	0	pgɛŋ	M
Menriq_Rual	kuy	0	kjeŋ	0	hɲjut	0	ʔũh	0	pgɛŋ	M
Batek_Teh_Taku	kuy	0	kjiŋ	0	ʔɲcãh	1	dɛy	4	pgɛŋ	M
Batek_Teh_Lebir	kuy	0	kjiŋ	0	ʔɲcãh	1	ʔɘh	0	pgɛŋ	M
Batek_Teq	kuy	0	kjeŋ	0			tɛ̃ʔ	2	cɛp	0
Batek_Deq_Terengganu	kuy	0	kəjeŋ	0	hɲjut	0	kaw	1	cɛp	0
Batek_Deq_Koh	kuy	0	kəjɪŋ	0	ʔɲcãh	1	kaw	1	cɛp	0
Ceq_Wong	kuy	0	kjəŋ	0	hɲut	0	kɑ=daʔ	2	gɔy	3
Semnam_Bal	kuːy	0	yɔ̆k	0	ʔɲĕh	1	nɔːh	2	pgăk	M
Semnam_Malau	kuːy	0	yɔk	0	ʔɲeh	1	nɔːh	2	pgak	M
Lanoh_Kertei	kuy	0	kyɔk	0	ʔɲeh	1	nɔoh	2	pgak	M
Temiar_Kelantan	kuy	0	kəyɔk	0	ʔəɲuh	1	doh	2	kəwɔp	1
Temiar_Perak	ku:y	0	kyɔk	0	ʔɲuh	1	do:h	2	kwɔp	1
Semai_Ringlet	ku:y	0	grte:k	2	ɲəh	1	deh	2	cɑp	0
Semai_Kampar	ku:y	0	grte:k	2	ɲəh	1	dɛh	2	cap	0
Jah_Hut	kɔy	0	tiŋɔy	3	hlɨk	3	doh	2	cɛp	0
Mah_Meri	koy	0	kayə̤k	0	ɲ̊jəh	1	tɔhɔʔ	0	pəgə̤k	M
Semaq_Beri_Berua	kʰoy	0	daʔyəŋ	0	ʔɲjɔt	0	haʔ nɔʔ	2	ʔɛm	6
Semaq_Beri_Jaboy	kʰɔy	0	ʔyəŋ	0	kjɨh	1	hanaʔ	2	kɨm	1
Semelai	kʰoy	0	ʔyəŋ	0	kjəh	1	haʔ nɔʔ	2	tloŋ	2
Kammu	kmpóŋ	1	mèc	4	ktám	4	kìi	6	kóop	1
Khmer_Surin	kəbaːl	2	lɨː	1	thəŋŭan	5	ʔɪː nih	2	kan	7
Khmer_Siem_Reap	kəbaːl	2	sdap	5	thəŋŭan	5	tiː nih	2	kan	7
Mon	ɗɒp	3	moiɲ	4	sa̤ŋ	6	nɛnɔʔ	2	ro̤p	8
										
WORD	husband		I		knee		knife		know	
Ten'en_Palian	tmkal	6	ʔiɲ	2	ktoŋ	0	hʁɔt	6	hʔɨp	6
Ten'en_Paborn	tuŋkal	6	ʔiɲ	2	katoŋ	0	mnɛt	7		
Maniq	təmkal	6	ʔiɲ	2	katoŋ	0	manɛt	7	haʔɨp	6
Kensiw_Perak	tmkal	6	yɛʔ	0	kaltɔŋ	0	hac	4	hyɘp	6
Kensiw_Kedah	tmkal	6	yɛʔ	0	kaltoŋ	0	hac	4	hyɨp	6
Kintaq	tmkal	6	yɛʔ	0	kaltoŋ	0	hac	4	hyɨp	6
Jahai_Banun	ksɨy	0	yɛʔ	0	kaltoŋ	0	tajiʔ	M	ʔtʔet	0
Jahai_Rual	tmkal	6	yɛʔ	0	kaltoŋ	0	tajiʔ	M	ltʔet	0
Menriq_Lah	ksɨy	0	yɛʔ	0	kaltoŋ	0	wɛ̃s	0	ltʔet	0
Menriq_Rual	tmkal	6	ʔiɲ	2	kaltoŋ	0	wɛ̃s	0	ʔtʔet	0
Batek_Teh_Taku	ksɘy	0	yɛʔ	0	kaltoŋ	0	wɛ̃s	0	ltʔit	0
Batek_Teh_Lebir	ksɨy	0	yɛʔ	0	kaltoŋ	0	wɛ̃s	0	ltʔit	0
Batek_Teq			yɛʔ	0	hoʔ (?knee cap)	2	wɛ̃s	0	tahoʔ	M
Batek_Deq_Terengganu	kəsɨy	0	yɛʔ	0	kaltoŋ	0	wɛɲ	0	tahuʔ	M
Batek_Deq_Koh	kəsɨy	0	yɛʔ	0	kaltoŋ	0	wɛɲ	0	tahoʔ	M
Ceq_Wong	teʔ	1	ʔiŋ	1	ktoŋ	0	waɲ	0	harən	1
Semnam_Bal	teːʔ	1	ʔı̃ːɲ	2	kayɔ:l	1	tuŋkə:j	1	liːp	2
Semnam_Malau	teːʔ	1	ʔı̃ːɲ	2	kayɔl	1			liːp	2
Lanoh_Kertei	teʔ	1	ʔic	2	karɔl	1			lip	2
Temiar_Kelantan	tɔw	2	yeːʔ	0	karɔːl	1	ʔəwɔj	0	lɛk	3
Temiar_Perak	tɔw	2	ye:ʔ	0	karɔ:l	1	cnɛ:r	5	lɛk	3
Semai_Ringlet	krɐ:l	6	ʔɛn	4	kuro:l	1	piso:w	M1	paney	M1
Semai_Kampar	gŋsiːr	3	ʔen	4	kuroːl	1	yuːc	3	paniːʔ	M1
Jah_Hut	kəsil	3	ʔihãʔ	3	kɔy kuwal	1	ɲɛm [ɲɛbm]	2	sərəʔ	4
Mah_Meri	ləmɔl	4	ʔəʔə̤t	2	lutut	M	haw	M1	sərəʔ	4
Semaq_Beri_Berua	knlək	5	ʔəɲ	2	kltuŋ	0	wɑy	0	kʰɛʔ	5
Semaq_Beri_Jaboy	ʔipəʔ	7	ʔən	2	kntoŋ	0	way	0	kʰɛʔ	5
Semelai	knlək	5	ʔəɲ	2	kaltuŋ	0	wɒy	0	kʰɛʔ	5
Kammu	klè	8	ò	5	knúun	3	mìit	8	nəəŋ	3
Khmer_Surin	pədɛy	1	ɲɔm	6	cəŋkŏaŋ	4	kəmet	8	deɲ	7
Khmer_Siem_Reap	pdʌy	1	khɲɔm	6	cəkŏɔŋ	4	kəbət	8	dʌŋ	3
Mon	kraoʰ	9	ʔoa	5	ɓɔŋ	5	ɓun	8	tɛm	8
										
WORD	laugh		leaf		leftside		live		liver	
Ten'en_Palian	likluk	0	sɛm	1	ʔiɲɛʔ	3	gamɔs	0	ʁos	0
Ten'en_Paborn	likluk	0	hliʔ	0	kɔʔ	4			ʁos	0
Maniq	pikluk	0	haliʔ	0	ɲɛʔ	3	gamɔs	0	rus	0
Kensiw_Perak	nkluk	0	hliʔ	0	ɲɛ̃ʔ	3	gɔs	0	klap	2
Kensiw_Kedah	lkluk	0	hliʔ	0	ɲɛ̃ʔ	3	gɔs	0	klap	2
Kintaq	lkluk	0	hliʔ	0	wı̃ʔ	0	gɔs	0	klap	2
Jahai_Banun	lkluk	0	haliʔ	0	wı̃ʔ	0	gɔs	0	ros	0
Jahai_Rual	sitkət	2	slaʔ	0	wı̃ʔ	0	gɔs	0	klap	2
Menriq_Lah	lkluk	0	haliʔ	0	wɛ̃ʔ	0	gɔs	0	ros	0
Menriq_Rual	lkluk	0	haliʔ	0	wɛ̃ʔ	0	gɔs	0		
Batek_Teh_Taku	lkluk	0	haliʔ	0	wɛ̃ʔ	0	gɔs	0	ros	0
Batek_Teh_Lebir	lkluk	0	haliʔ	0	kiriʔ	M	gɔs	0	ros	0
Batek_Teq	lklɨk	0	haliʔ	0	kiriʔ	M	gɔs	0	ros	0
Batek_Deq_Terengganu	pilɲal	1	haliʔ	0			gɔs	0	zos	0
Batek_Deq_Koh	piʟŋaʟ	1	haliʔ	0	kiʁiʔ	M	gɔs	0	ʁos	0
Ceq_Wong	gglɨk	0	haliʔ	0	yal	1	gɔs	0	ros	0
Semnam_Bal	lklu:k	0	slaːʔ	0	wɛ:l	2	gɔːs	0	yiːs	0
Semnam_Malau	lglug	0	slaːʔ	0	yɛːl	1	guoːs	0	yiːs	0
Lanoh_Kertei	lkluk	0	slaʔ	0	yɛl	1	gɔs	0	ʔnrɨs	0
Temiar_Kelantan	lug	0	səlaːʔ	0	yɛl	1	gɔːs	0	hup	1
Temiar_Perak	lglug	0	sla:ʔ	0	yɛl	1	gɔ:s	0		
Semai_Ringlet	luk	0	slaːʔ	0	wiːl	2	su:y	3		
Semai_Kampar	luk	0	slɒːʔ	0	kŋwiːl	2	res	1	riːs	0
Jah_Hut	ləʔlɔk	0	hlaʔ	0	kiriʔ	M	res	1	rəs	0
Mah_Meri	glɔk	0	dawo̤t	M	kiriʔ	M	ɰis	1	greh	0
Semaq_Beri_Berua	glɔk	0	sala	0	kiriʔ	M	lɔh	2	gres	0
Semaq_Beri_Jaboy	glɔk	0	salah	0	malaŋ	5	dloh	2	gʁɛs	0
Semelai	glɔk	0	dawun	M	sawɛl	2	ʔris	1	gres	0
Kammu	kráas	3	lá	0	wè	0	prɨal	4	tlʹɔɔm	2
Khmer_Surin	sʌːc	4	slʌʔ	0	chveːɲ	6	rŏah	1	thlʌːm	2
Khmer_Siem_Reap	saʌc	4	slʌk	0	chvɛeːɲ	6	rŏɔh	1	thlaəm	2
Mon			kənaʰ	2	pai	7	mɔ̤ŋ 	5	krɐ̤h	0
										
WORD	long		louse		male		many		meat	
Ten'en_Palian	htiɛc	0	hɔw	T	tmkal	0	bɛm	5	sɛc	0
Ten'en_Paborn			haŋuː	2	tuŋkal	0			sec	0
Maniq	hatiek	6			təmkal	0	bɛm	5	sec	0
Kensiw_Perak	btuc	0	mneɲ	1	tmkal	0	balɘʔ	2	sɛc	0
Kensiw_Kedah	btuc	0	ceʔ	0	tmkal	0	jnuh	M	sec	0
Kintaq	btuc	0	ceʔ	0	tmkal	0	jnuh	M	sec	0
Jahai_Banun	btec	0	ciʔ	0	tmkal	0	kɔm	0	sɛc	0
Jahai_Rual	btec	0	tomɛʔ	M	tmkal	0	kɔm	0	sɛc	0
Menriq_Lah	btec	0	ceʔ	0	tmkal	0	kɔm	0	sɛc	0
Menriq_Rual	btic	0	tomaʔ	M	tmkal	0	kɔm	0	sɛc	0
Batek_Teh_Taku	btic	0	tomaʔ	M	tmkal	0	kɔm	0	sɛc	0
Batek_Teh_Lebir	btic	0	tumaʔ	M	tmkal	0	kɔm	0	sɛc	0
Batek_Teq			tumaʔ	M	tmkal	0	kɔm	0	sɛc	0
Batek_Deq_Terengganu	bətec	0	ceʔ	0	təmkal	0	kɔm	0	ʔay	1
Batek_Deq_Koh	bətɪc	0	ceʔ	0	təmkal	0	kɔm	0	sɛc	0
Ceq_Wong	jsɨŋ	1	cɛʔ	0	tuŋkal	0	bsoʔ	1	  ʔɑy; sac	0
Semnam_Bal	jye:ʔ	2	cĕʔ	0	ʔŋkoːɲ	1	lbɛ̆h	M2	sĕc	0
Semnam_Malau	jyeʔ	2	ceʔ	0	ʔŋkoːɲ	1	jnuh	M	sej	0
Lanoh_Kertei	jreʔ	2	cɛʔ	0	teʔ	2	lbɛh	M2	sec	0
Temiar_Kelantan	jəroʔ	2	cɛʔ	0	babəːh	3	ləbeh	M2	sej	0
Temiar_Perak	jroʔ	2	cɛ:ʔ	0	babɘ:h	3	lbeh	M2	sec	0
Semai_Ringlet	cərɨk	3	cɛ:ʔ	0	krɐːl	5	jʔɔ:y	4	dagiŋ	M
Semai_Kampar	cərɨk	3	cɛːʔ	0	kraːl	5	jʔo:y	4	sɛc	0
Jah_Hut	crɨŋ	3	cɛʔ	0	kaʔkɔɲ	1	baʔlɨʔ	2	sɛc	0
Mah_Meri	jələ̤k, jəlaŋ	3	ci	0	ləmɔl	4	n̥ɔm	0	dage̤k	M
Semaq_Beri_Berua	jlaŋ	3	ci	0	ʔipəʔ	3	balɑʔ	2	ɲsəc; ʔay (game)	0
Semaq_Beri_Jaboy	jlɨŋ	3	cih	0	ʔipəʔ	3	paʁah	6	nsət; ʔuʔɔʔ	0
Semelai	jləŋ	3	ci	0	rlmɔl	4	ʔrəy	3	səc	0
Kammu	wàaŋ	4	sé	0	cmprɔ	6	wòh	7	àh	2
Khmer_Surin	weːɲ	5	cay	0	prɔh	6	crʌːn	8	sac	0
Khmer_Siem_Reap	vɛeɲ	5	cay	0	prɒh	6	craʌn	8	sac	0
Mon	klo̤iŋ	3	toə	0	ɲɛ̤ʰ kraoʰ	6	kla̤ŋ	9	pyo̤n	3
										
WORD	moon		mother		mountain		mouth		name	
Ten'en_Palian	kceʔ	0	naʔ	1	btuʔ	M2	hãɲ	0	cɔʔ	1
Ten'en_Paborn	kaceʔ	0	yɛs	5	btuʔ	M2	hah	5		
Maniq	kaceʔ	0	naʔ	1	batuʔ	M2	haɲ	0	cɔʔ	1
Kensiw_Perak	gcɛʔ	0	naʔ	1	cbaʔ	1	hãɲ	0	cɔʔ	1
Kensiw_Kedah	kceʔ	0	naʔ	1	cbaʔ	1	hãɲ	0	cɔʔ	1
Kintaq	kceʔ	0	naʔ	1	cbaʔ	1	hãɲ	0	cɔʔ	1
Jahai_Banun	bulan	M	bɨʔ	0	jlmɔl	0	hɛ̃ɲ	0	knmɔh	0
Jahai_Rual	bolan	M	bɨʔ	0	gunuŋ	M	hɛ̃ɲ	0	knmɔh	
Menriq_Lah	bulan	M	bɘʔ	0	cbaʔ	1	hãɲ	0	knmɔh	0
Menriq_Rual	bolan	M	naʔ	1	gunuŋ	M	tnɨt	1	knmɔh	0
Batek_Teh_Taku	bolan	M	naʔ	1	cbaʔ	1	hãɲ	0	knmɔh	0
Batek_Teh_Lebir	bulan	M	bɘʔ	0	cbaʔ	1	hãɲ	0	knmɔh	0
Batek_Teq	bolan	M	naʔ	1	cbaʔ	1	hãɲ	0		
Batek_Deq_Terengganu	bolan	M	naʔ	1	gonoŋ	M	tənɨt	1	kənmɔh	0
Batek_Deq_Koh	bulan	M	naʔ	1	cəbaʔ	1	tənɨt	1	kənmɔh	0
Ceq_Wong	kcɛʔ	0	moy	2	mnĩm	2	hɑɲ	0	coʔ	1
Semnam_Bal	bula:n	M	naːʔ	1	pɔːʔ	1	ɲaːk	2	knmɔ̆h	0
Semnam_Malau	bolaːn	M	naːʔ	1	pɔːʔ	1	ɲaːg	2	knmɔh	0
Lanoh_Kertei	bolan	M	ɲɔʔ	3	jlmɔl	0	ɲak	2	knmɔoh	0
Temiar_Kelantan	gəcɛʔ	0	boːʔ	0	jɛlmɔl	0	ɲaːg	2	kənʉːh	2
Temiar_Perak	gcɛʔ	0	ɲɔ:ʔ	3	jlmɔl	0	ɲaːk	2	knɘh	2
Semai_Ringlet	gcɛːʔ	0	ʔamɛːʔ	0	loːt	4	ɲyɲɔːy	4	moh	0
Semai_Kampar	gcɛːʔ	0	ʔamɛːʔ	0	lɔːt	4	mpɒːk	3	moh	0
Jah_Hut	bulan	M	ʔidəʔ	4	bnɨm	2	mulot	M	ʔaməh	0
Mah_Meri	bula̤t	M	gəndeʔ	4	sɔ̤k	3	pa̤k	3	gəla	M
Semaq_Beri_Berua	bolan	M	məy	2	mnəm	2	tʰnut	1	jnmɔh	0
Semaq_Beri_Jaboy	bolan	M	məy	2	mnəm	2	knot	1	namaʔ	M2
Semelai	bulan	M	ʔmaʔ	M	bənʉm	2	mɔlɔt	M	glar	M
Kammu	mòŋ	1	mà	0	mòk	5	tnʹɔh	6	cɨɨ	1
Khmer_Surin	khɛː	2	mɛː	0	phnʊm	2	mɨ̆at	7	chmŏah	0
Khmer_Siem_Reap	khaɛ	2	maɛ	0	phnom	2	mə̆at	7	chmŏəh	0
Mon	hətaoʔ	3	ʔəmɛ̤ʔ	0	tɛ̤y	6	paiŋ	3	yəmɨ̤ʔ	0
										
WORD	near		neck		new		night		nose	
Ten'en_Palian	tdɛh	0	hoh	6	kceŋ	2	ʔɔwaʔ ktɔʔ	8	mɔh	0
Ten'en_Paborn			dkdok	7			hkɔt	0	mɔh	0
Maniq	tɛdɛh	0	hoh	6	kabi	4	hakɔt	0	mɔh	0
Kensiw_Perak	tdɛh	0	cnɔt	5	bayuʔ	M	hɛkut	0	mɔh	0
Kensiw_Kedah	tdɛh	0	cnɔt	5	bayuʔ	M	hɛkut	0	mɔh	0
Kintaq	dpaʔ	M	cnɔt	5	bayuʔ	M	hɛkut	0	mɔh	0
Jahai_Banun	pdəh	0	tŋkɔk	M	baruʔ	M	hrkɨt	0	mɔh	0
Jahai_Rual	pnhdəh	0	tŋkɔk	M	baruh	M	hrkɨt	0	mɔh	0
Menriq_Lah	pdəh	0	ʔŋut	1	baroʔ	M	təwɔ̃y	7	mɔh	0
Menriq_Rual	pdəh	0	tŋkɔk	M	baroʔ	M	gyə̃m	1	mɔh	0
Batek_Teh_Taku	pdəh	0	ʔŋut	1	baruʔ	M	təwɔ̃y	7	mɔh	0
Batek_Teh_Lebir	pdɛ̃h	0	ʔŋut	1	baroʔ	M	gyə̃m	1	mɔh	0
Batek_Teq					reʔ	0	haŋɛp	6	mɔh	0
Batek_Deq_Terengganu	pədəh	0	ŋut	1	zeʔ	0	haŋɛt	0	mɔh	0
Batek_Deq_Koh	pədəh	0	ʔŋut	1	ʁeʔ	0	haŋɛp	6	mɔh	0
Ceq_Wong	dwah	1	lŋɛ̃ʔ	2	rɛʔ	0	btom	2	mɔ̃h	0
Semnam_Bal	tda:y	2	sago:k	3	bayuːʔ	M	hŋɔːt	0	mŭh	0
Semnam_Malau	tday	2	tŋkɔg	M	bayuːʔ	M	hŋɔd	0	muh	0
Lanoh_Kertei	plndɔh	0	saguk	3	baruʔ	M	hŋɔt	0	muh	0
Temiar_Kelantan	ʔəɲɔːn	3	taŋən	4	paːy	1	layɛg	3	məːh	0
Temiar_Perak	tilɔ:ʔ	6	taŋɨ:n	4	baruʔ	M	layɛk	3	mɨ:h	0
Semai_Ringlet	ɲɔːn	3	tŋkoʔ	M	paːy	1	sŋəp	6	mɔh	0
Semai_Kampar	rəːʔ	6	taŋɛn	4	pay	1	klɛm	M	mɔh	0
Jah_Hut	ɲcɛm	4	lŋɛʔ	2	pay	1	sŋat	0	hiduŋ	M
Mah_Meri	miŋ	5	lehe	M2	m̥pay	1	dəy	4	muh	0
Semaq_Beri_Berua	kloʔ	6	lŋɛʔ	2	spay	1	plit	5	muh	0
Semaq_Beri_Jaboy	klɛ̃ʔ	6	lŋɛʔ	2	spay	1	plit	5	muh	0
Semelai	ddɛs, dkʰɛs	7	lŋɛʔ	2	ʔarɛh	0	ptɔm	2	muh	0
Kammu	lès	7	kntʹɨar	8	hmmè	3	psʹɨam	9	mùh	0
Khmer_Surin	bɪːt	8	kɒː	9	thmɛy	1	yʊp	1	cəmɔh	0
Khmer_Siem_Reap	cet	9	kɔː	9	thmʌy	1	yʊp	1	cəmɔh	0
Mon	krop	10	koʔ	9	kəmoeʔ	3	hətɔm	2	mṳh	0
										
WORD	not		old		one		person		play	
Ten'en_Palian	hət	5	maʔel	8	nay	0	mniʔ	5	pyəw	6
Ten'en_Paborn			tyɛs	9			hamiʔ	2	pyəw	6
Maniq	hɨc	8	kasɛɲ	11	nay	0	maniʔ	5	payɨ	6
Kensiw_Perak	byaʔ	0	swah	5	nay	0	mniʔ	5	pnguh	5
Kensiw_Kedah	byaʔ	0	swah	5	nay	0	mniʔ	5	pnguh	5
Kintaq	byaʔ	0	lawɛʔ	6	nay	0	mniʔ	5	pnguh	5
Jahai_Banun	braʔ	0	manɛh	0	nɛy	0	mnraʔ	0	mnmin	0
Jahai_Rual	braʔ	0	manɛh	0	nɛy	0	mnraʔ	0	mnmin	0
Menriq_Lah	braʔ	0	bidan	7	nay	0	mnraʔ	0	mayin	M
Menriq_Rual	blap	7	bakɛs	4	nay	0	mnraʔ	0	mayin	M
Batek_Teh_Taku	braʔ	0	manah	0	nay	0	mnraʔ	0	mayin	M
Batek_Teh_Lebir	braʔ	0	bakɛs	4	nay	0	mnraʔ	0	pnguh	5
Batek_Teq	braʔ	0			saʔ	M	batɛk	1		
Batek_Deq_Terengganu	nɛŋ	2	manah	0	saʔ	M	batɛk	1		
Batek_Deq_Koh	nɛŋ	2	manah	0	saʔ	M	batɛk	1	pəŋgoh	5
Ceq_Wong	həʔ	3	manɨ̃h	0	nɑ̃y	0	briʔ (CW); biʔ (orang)	0	nihɑʔ	1
Semnam_Bal	tɔ̆ʔ	4	bido:k	2	niːy	0	smaːʔ	2	hiŋkaːʔ	2
Semnam_Malau	tɔʔ	4	padiy	1	niːy	0	smaːʔ	2	hiŋkaːʔ	2
Lanoh_Kertei	tɔʔ	4	manah	0	niy	0	smaʔ	2	hiŋkaʔ	2
Temiar_Kelantan	tɔʔ	4	manah	0	ney	0	sɛnʔɔːy	3	man	0
Temiar_Perak	hɔ̃y	8	manah	0	ney	0	snʔɔ̃:y	3	hiŋkaʔ	2
Semai_Ringlet	walah	7	manah	0	nanəʔ	2	snʔɔ̃:y	3	mnman	0
Semai_Kampar	tɔʔ	4	manah	0	nanəʔ	2	sŋʔɔ̃:y	3	man	0
Jah_Hut	hət	5	nɨgŋ	2	niwɛy	0	jah	4	niʔsɛʔ	3
Mah_Meri	ŋɔt	1	leʔ	3	muy	1	m̥aʔ	2	mayin	M
Semaq_Beri_Berua	beh	6	ʔaleʔ	3	muy	1	smaʔ	2	pakpɛk	4
Semaq_Beri_Jaboy	beh	6	ʔayɔn	8	muy	1	smaʔ	2	pakpɛk	4
Semelai	daʔ	4	ʔleʔ	3	muy	1	smaʔ	2	nakɑl	M2
Kammu	pʹəə	6	tháw	L	mòoy	1	kòn	6	tnhʹɔɔy	7
Khmer_Surin	mʌn … teː	9	cah	9	mʊːy	1	nĕaʔ	5	lɪːɲ	8
Khmer_Siem_Reap	mən	9	cah	9	muoy	1	nĕaʔ	5	leːɲ	8
Mon	hɛ̤	3	kərem	10	mo̤a	1	məne̤ʰ	5	wo̤iŋ	9
										
WORD	quiver		rain		red		rice		rightside	
Ten'en_Palian			ʔujan	M	bgɛ̃c	2	nasiʔ	M2	tem	0
Ten'en_Paborn					bgĩɛ̃c	2	blyik	2	tem	0
Maniq	manɨʔ	0	ʔujan	M	bagĩẽc	2	nasiʔ	M2	tɛm	0
Kensiw_Perak	lɘk	1	ʔujan	M	thɔ̃ɲ	4	padɛy	M	tem	0
Kensiw_Kedah	banɨʔ	0	ʔujan	M	thɔ̃ɲ	4	padey	M	tem	0
Kintaq	lɨk	1	ʔujan	M	thɔ̃ɲ	4	padey	M	tem	0
Jahai_Banun	banɨʔ	0	hı̃c	0	rhɨk	0	padɛy	M	tem	0
Jahai_Rual	banɨʔ	0	hĩc	0	rhɨk	0	padiʔ	M	tem	0
Menriq_Lah	banɨʔ	0	hɛ̃c	0	phəŋ	0	padiʔ	M	tem	0
Menriq_Rual	banɨʔ	0	ʔujan	M	btɛh	1	padiʔ	M	tem	0
Batek_Teh_Taku	banɨʔ	0	hɛ̃c	0	brkãc	2	padiʔ	M	tem	0
Batek_Teh_Lebir	banɨʔ	0	hɛ̃c	0	brakãc	2	padiʔ	M	kanan	M
Batek_Teq	banɨʔ	0	ʔojan	M	brakãc	2	padiʔ	M	kanan	M
Batek_Deq_Terengganu	banɨʔ	0	hujan	M	bərakãc	2	padiʔ	M	kanan	M
Batek_Deq_Koh	banɨʔ	0	hãc	0	blakãc	2	padiʔ	M	kanan	M
Ceq_Wong	lɨk	1	səm	1	suət	3	beʔ	0	təm	0
Semnam_Bal	lə̆k	1	miːʔ	2	thuːɲ	4	baːʔ	0	tə̆p	0
Semnam_Malau			miːʔ	2	thuːɲ	4			təp	0
Lanoh_Kertei			miʔ	2	rgɔy	5			tɨp	0
Temiar_Kelantan	ləg	1	təːh	3	cələk	6	baːʔ	0	təp	0
Temiar_Perak	lɘk	1	tɘ:h	3	clɘk	6	baʔ	0	tɘp	0
Semai_Ringlet	lək	1	maniʔ	5	rŋaːɲ	5	cnrɔ:y	1	tɔp	0
Semai_Kampar	lək	1	maniːʔ	5	chɛːr	9	bɒːʔ	0	kŋtɔp	0
Jah_Hut	lɨk	1	miʔ	2	rŋap	7	baʔ	0	kanan	M
Mah_Meri	tabo̤k	M	gəma	4	mirah	M	beʔ	0	kanan	M
Semaq_Beri_Berua	lɨk	1	gma	4	surɔt	3	padiʔ	M	kanan	M
Semaq_Beri_Jaboy	taboŋ	M	gmɑh	4	dŋat	8	babah	0	kanan	M
Semelai	lɨk	1	lsəm	1	mirah	M	baba	0	satɑm	0
Kammu	tóŋ kám	2	kmà	4	yɨm	10	ŋʹɔ	3	hám	1
Khmer_Surin	srɔːm	3	phlɪːɲ	6	kəhɒːm	11	sroɔ̯	4	sədam	0
Khmer_Siem_Reap	mpŏɔŋ	4	phliəŋ	7	kəhɒːm	11	srəɨ	4	sədam	0
Mon			pro̤a	8	həkit	8	sɒʔ	5	pɐŋ	2
										
WORD	road_path		root		rotten		salt		say	
Ten'en_Palian	hɔyɛw	7	sɔk kyeh yhũʔ	M1	gəs	4	syaʔ	2	byoh	9
Ten'en_Paborn	haliw	8	yeh ɲhũʔ	M1	kmay	5	syaʔ	2	byoh	9
Maniq	ha	0	sɔŋkie	M1	puŋgõ	M	siyaʔ	2	biyɔh	9
Kensiw_Perak	cpan	6	ʔyes	0	ʔnsɔʔ	0	mpɔc	0	sɛmaŋ	M
Kensiw_Kedah	glɔŋ	5	ʔaka	M	sɔʔ	0	syaʔ	2	sɛmaŋ	M
Kintaq	cpan	6	ʔaka	M	ʔnsɔʔ	0	syaʔ	2	cinɔy	6
Jahai_Banun	har	0	jʔes	0	ʔnsɔʔ	0	ʔmpɔc	0	pŋsɛŋ	0
Jahai_Rual	glɔŋ	5	jʔes	0	nsɔʔ	0	gaʔəm	M	pŋsɛŋ	0
Menriq_Lah	har bəw	0	jʔes	0	babuh	3	garəm	M	prinah	8
Menriq_Rual	har	0	jʔis	0	ʔnsɔʔ	0	garəm	M	pŋsɛŋ	0
Batek_Teh_Taku	har bɘw	0	jʔis	0	ʔnsɔʔ	0	garəm	M	pŋsɛŋ	0
Batek_Teh_Lebir	har	0	jʔes	0	sɔʔ	0	garɛm	M	pŋsɛŋ	0
Batek_Teq	har bəw	0	jʔɛs	0	sɔʔ	0	garɛm	M		
Batek_Deq_Terengganu	har bəw 	1	jəʔes	0	haʔãt	1	gaɣɛm	M		
Batek_Deq_Koh	haʟ bɘw	0	jəʔɪs	0	mənsɔʔ	0	gaʁɛm	M	wayat	M1
Ceq_Wong	baləy, səbəʔ	2	jʔɛs	0	soʔ; haʔũt (smell rotten)	0	garam	M	bət	1
Semnam_Bal	nuːŋ	3	yʔɛːs	0	sanŭʔ	2	ʔmpɔ:c	0	bwa:h	7
Semnam_Malau	nuːŋ	3	yʔeːs	0	sanuʔ	2	ʔmpɔc	0	tuh	2
Lanoh_Kertei	nɔoŋ	3	ryɛs	1	sʔsɔʔ	0	ʔmpɔc	0	cal	3
Temiar_Kelantan	nɔŋ	3	cantiŋ	2	sɔːʔ	0	garam	M	roːʔ	4
Temiar_Perak	nɔ:ŋ	3	rʔɛs	0	sasɔʔ	0	gara:m	M	tu:h	2
Semai_Ringlet	timbɔʔ	6	rəʔis	0	sɔːʔ	0	garam	M	yap	6
Semai_Kampar	noːŋ	3	rʔiːs	0	sɔːʔ	0	mpɔc	0	ŋrɔːʔ	4
Jah_Hut	nuwə̃ŋ	3	ʔakar	M	siʔĩt (smell rotten)	1	pɔl	1	wayat	M1
Mah_Meri	kəlɔh	4	jaŋkã	M1	suʔũt	1	garam	M	kədɔ	2
Semaq_Beri_Berua	cnrəŋ	5	rɛs	1	səʔãt (smell rotten)	1	garam	M	jmoh	5
Semaq_Beri_Jaboy	tʁoŋ	5	ʁɛs	1	səʔɛ̃t (smell rotten)	1	gaʁam	M	pakɛʔ	10
Semelai	troŋ	5	rɛs	1	sʔĩt	1	gɒrɒm	M	kʰləŋ (cəl)	3
Kammu	ŋɔɔr	9	rìas	1	húur	6	máar	1	lʌʌ	4
Khmer_Surin	phlɔo̯	10	rɨːɦ	1	pəʔoːm	7	mel	1	prap	11
Khmer_Siem_Reap	phlʌɨ̯	10	rɨh	1	pəʔɔom	7	mbʌl	1	prap	11
Mon	klo̤ŋ	5	rɐ̤ʰ	1	ʔɒh	8	ɓɛ	1	hɒm	12
										
WORD	scratch		see		sharp		shoot		short	
Ten'en_Palian	mɲaɲ	3	dɛŋ	2			hluh	0	kihɛy	6
Ten'en_Paborn			dɛŋ	2			tɔk	4		
Maniq	hiyet	11	dɛŋ	2	cəmaʔ	0	haluh	0	kuduŋ	M1
Kensiw_Perak	bɲyãɲ	3	dɛŋ	2	cmaʔ	0	hluh	0	cnhɛ̃t	0
Kensiw_Kedah	blak	4	dɛŋ	2	tajam	M2	hluh	0	cnhɛt	0
Kintaq	blak	4	dɛŋ	2	tajam	M2	hluh	0	cnhɛt	0
Jahai_Banun	kac	0	ʔɛl	0	cmɛʔ	0	bdɛl	M	cnhə̃t	0
Jahai_Rual	kac	0	ʔɛl	0	cmɛʔ	0	bdil	M	cnhə̃t	0
Menriq_Lah	hakat	6	ʔɛl	0	makan	M	haluh	0	cnhɛ̃t	0
Menriq_Rual	krawãc	2	ʔɛl	0	makan	M	haluh	0	cnhə̃t	0
Batek_Teh_Taku	hakat	6	ʔɛl	0	makan	M	haluh	0	cnhɛ̃t	0
Batek_Teh_Lebir	kac	0	ʔɛl	0	makan	M	haluɸ	3	cnhɛ̃t	0
Batek_Teq	kac	0	dɛŋ	2			sam	5		
Batek_Deq_Terengganu			dapet	M	makan	M	haluh	0	cənhat	0
Batek_Deq_Koh	hakat	6	tɔt	5	makan	M	haluh	0	cənhãt	0
Ceq_Wong	kɑc	0	yow	1	cbɨt	1	haput	1	cinhũɛ̃t	0
Semnam_Bal	giːh	1	dăk	2	tajăp	M2	səlu:h	0	pnpɛ̆t	1
Semnam_Malau	giːs	1	dak	2	tajap	M2			pnpɛt	1
Lanoh_Kertei	gis	1	dak	2	tajap	M2			kldɛl	2
Temiar_Kelantan	giːs	1	nɛːh	3	pəheɲ	2	səluh	0	ʔapɛt	1
Temiar_Perak	gi:s	1	nɛːh	3	phẽ:ɲ	2	sluh	0	ʔapɛt	1
Semai_Ringlet	tmaʔ	5	nɛːŋ	2	tajap	M2	pu:t	1	tiʔ	5
Semai_Kampar	kata:ɲ	7	nɛːŋ	2	tajap	M2	pəːt	1	pateʔ	5
Jah_Hut	kac	0	lɛh (look at)	3	cmaʔ	0	pəʔput	1	siŋkɛ̃t	M
Mah_Meri	kakac	0	kaye	4	taja̤p	M2	ləh	0	jəlɛ̃t	3
Semaq_Beri_Berua	geh	1	daʔye	4	tamaʔ	0	bhrɔh	3	jlɛ̃ʔ	4
Semaq_Beri_Jaboy	gɛh	1	ʔiyɛh	4	tajam	M2	bʁɔh	3	jlɛ̃ʔ	4
Semelai	geh	1	ʔye	4	ʔluh	3	ʔɔh	2	jlɛ̃ʔ	4
Kammu	kòr	8	kùuɲ	6	òh	4	píɲ	6	lìat	3
Khmer_Surin	ʔɛh	9	khəːɲ	6	mut	1	baɲ	6	klɛy	4
Khmer_Siem_Reap	khɲaɨ̯	10	khəːɲ	6	mʊt	1	baɲ	6	khlʌy	4
Mon	cʰa̤ic	3	ɲa̤t	7	keʔak	5	pɔn	1	kle̤ʔ	4
										
WORD	sibling_younger		sibling_elder		sing		sit		skin	
Ten'en_Palian	bɛː	0	toʔ	1	kahɛy	4	ŋɔk	0	ktɨʔ	0
Ten'en_Paborn	bɛː	0	kayɨh	6	kahɛy	4				
Maniq	bɛ	0	toʔ	1	piyah	3	ŋɔk	0	katɨʔ	0
Kensiw_Perak	bɛh	0	toʔ	1	hiŋlɛŋ	5	ŋɔk	0	ktɘʔ	0
Kensiw_Kedah	bɛ	0	toʔ	1	hiŋleŋ	5	ŋɔk	0	ktəʔ	0
Kintaq	bɛ	0	toʔ	1	hiŋleŋ	5	ŋɔk	0	ktəʔ	0
Jahai_Banun	bɛr	0	pɛ̃ʔ	0	pɲlɔɲ	0	ŋɔk	0	ktɨʔ	0
Jahai_Rual	bɛr	0	pɛ̃ʔ	0	pɲlɔɲ	0	ŋɔk	0	ktɨʔ	0
Menriq_Lah	bɛr	0	pãʔ	0	pɲlɔɲ	0	ŋɔk	0	ktɨʔ	0
Menriq_Rual	bɛr	0	toʔ	1	pɲlɔɲ	0	ŋɔk	0	ktɨʔ	0
Batek_Teh_Taku	bɛr	0	pãʔ	0	pɲlɔɲ	0	ŋɔk	0	kətɘʔ	0
Batek_Teh_Lebir	ʔadiʔ	M	pãʔ	0	pɲlɔɲ	0	ŋɔk	0	ktɨʔ	0
Batek_Teq	ʔadeʔ	M	toʔ	1	pɲlɔɲ	0	ŋɔk	0	ktəʔ	0
Batek_Deq_Terengganu	bɛr	0	toʔ	1	pəɲlɔɲ	0	ŋɔk	0	kətəʔ	0
Batek_Deq_Koh	bɛʟ	0	toʔ	1	piɲlɔɲ	0	ŋɔk	0	kətɘʔ	0
Ceq_Wong	ʔadiʔ	M	toʔ	1	nhaŋ	1	ŋɔ̃k	0	hoʔ 	1
Semnam_Bal	pə̆ʔ	1	klo:ʔ	2	pɲlɔːɲ	0	kɔ̆c	1	katɛ̃ːk	3
Semnam_Malau					pɲlɔːɲ	0	kɔc	1	smpoːʔ	2
Lanoh_Kertei					pɲlɔɲ	0	kɔc	1	smpoʔ	2
Temiar_Kelantan	pəʔ	1	kəloːʔ	2	gabag	2	gəl	2	sɛmpoːʔ	2
Temiar_Perak	pɘʔ	1	klo:ʔ	2	gabak	2	gɨ:l	2	smpoʔ	2
Semai_Ringlet	mnaŋ	2	tnɛʔ	5	ɲaɲiʔ	M	gəːy	1	gətəːʔ	0
Semai_Kampar	mnaŋ	2	tneːʔ	5	ɲaɲiːʔ	M	gəːy	1	gtɨːʔ	0
Jah_Hut	ʔadiʔ	M	ʔiʔɛm	3	ɲaʔɲiʔ	M	ŋəʔŋɔk	0	ktuʔ	0
Mah_Meri	ʔadiʔ	M	yeʔ, kəʔeʔ;	4	pantṳt	M2	kʰo̤p	3	kulit	M
Semaq_Beri_Berua	ʔadiʔ	M	ʔiʔeʔ	4	piyər	3	kʰom	3	gtu	0
Semaq_Beri_Jaboy	ʔadiʔ	M	ʔiʔɛʔ	4	pyəy	3	kom	3	kulet	M
Semelai	ʔadiʔ	M	ʔiʔɛʔ	4	ɲaɲɪʔ	M	kmkʰom	3	kulit	M
Kammu	hʹɛɛm	3	táay	7	tʹəəm	6	tèn	4	hmpúur	4
Khmer_Surin	pəʔoːn	4	bɒːŋ	8	rɒːŋ phleːɲ	0	ŋkʊy	1	səbɛːʔ	5
Khmer_Siem_Reap	pəʔɔon	4	bɒːŋ	8	criəŋ	5	ŋkʊy	1	səbaɛc	5
Mon	tɛ̤ʔ	5	kao	9	həye̤ʰ	3	həco̤ʔ	5	n̥am	6
										
WORD	sky		sleep		small		smell		smoke	
Ten'en_Palian	kaʔɛy	3	tiek	0	wɔŋ	9	haʔĩt	4		
Ten'en_Paborn					ʔohɔ̃ʔ	2				
Maniq	kaʔey	3	tiek	0	wɔŋ ʔəhɔʔ	9, 2	ʔɔ̃ɲ	0	ʔiyɛy	1
Kensiw_Perak	mɛt ktɔʔ	0	tɛk	0			ʔɔ̃ɲ	0	ʔiyɛy	1
Kensiw_Kedah	mɛt ktɔʔ	0	tek	0	kanɔt	1	ʔɔ̃ɲ	0	ʔiyɛy	1
Kintaq	mɛt ktɔʔ	0	tek	0	ʔajɔʔ	6	ʔɔ̃ɲ	0	ʔiʔiy	0
Jahai_Banun	ktɔʔ	0	tek	0	ʔhəy	0	ʔɔ̃ɲ	0	ʔyʔey	0
Jahai_Rual	mit ktɔʔ	0	pʔjɨʔ	5	ʔhəy	0	hopmup	3	ʔyʔey	0
Menriq_Lah	ktɔʔ	0	tek	0	blɛ̃p	7	ʔɔ̃ɲ	0	ʔasɛp	M
Menriq_Rual	mɛt ktɔʔ	0	tik	0	ʔajɔʔ	6	ʔɔ̃ɲ	0	ʔasɛp	M
Batek_Teh_Taku	laŋit	M	tek	0	blɛ̃p	7	ʔɔ̃ɲ	0	ʔasɛp	M
Batek_Teh_Lebir	laŋit	M	pajɨʔ	5	wɔŋ	9	ʔɔ̃ɲ	0	ʔasɛp	M
Batek_Teq			tek	0	wɔŋ	9	ʔɔ̃ɲ	0	ʔasɛp	M
Batek_Deq_Terengganu	kliŋ	1	tek	0	kanɛt	1	ʔɔ̃ɲ	0	ʔasɛp	M
Batek_Deq_Koh	gəlaʟ kətɔʔ	0	tɪk	0	kanɛt	1	ʔɔ̃ɲ	0	ʔasɛp	M
Ceq_Wong	laŋĩt	M	ʔɑm	2	hiʔɔ̃y	0	ʔɔ̃ɲ	0	syay	1
Semnam_Bal			tɛ:k	0	ʔahuːʔ	2	ʔɔ̃ːɲ	0	gɘ:j ˈʔo:s	5
Semnam_Malau	yis	2	tɛːg	0	ʔahuʔ/ʔisɛ̃d	2	ʔɔ̃ːɲ	0	jʔem	2
Lanoh_Kertei	yis	2	tɛk	0	ʔamɛs	3	ʔũɲ	0	ʔyʔey	0
Temiar_Kelantan	baliːk	1	səlɔg	3	ʔamɛs	3	ʔuːɲ	0	cas	3
Temiar_Perak	bali:k	1	slɔk	3	ʔamɛs	3	ʔũ:ɲ	0	ʔyʔe:y	0
Semai_Ringlet	mat ʔariʔ	M2	bɛːt	4	macɔn	5	ŋuːy	2	ʔasap	M
Semai_Kampar	sweːk	4	bɛːt	4	lalɛʔ	10	krŋoːy	2	cas	3
Jah_Hut	laŋit	M	cyɛk	0	kwɛ̃ʔ	8	ʔɔ̃ɲ	0	ʔasap	M
Mah_Meri	laŋit	M	gətek	0	hɛdɛ̃t	1	hɔn	1	jələk	4
Semaq_Beri_Berua	kliŋ	1	jtɛk	0	kanɛt	1	ʔuɲ	0	nyguy ʔus	5
Semaq_Beri_Jaboy	laŋit	M	jtɛk	0	kanɛʔ	10	ʔun	0	ʔyʔɔy	0
Semelai	maleŋ	1	jtɛk	0	kɛ̃t	4	jɔhɔn	1	jlək	4
Kammu	lwàaŋ	4	sís	6	nɛ	10	hmʔɨr	5	ptʹə	6
Khmer_Surin	mɪːʔ	5	deːʔ	1	tuːc	12	thʌːp	6	pəsɛːɲ	7
Khmer_Siem_Reap	meːc	5	deːc	1	touc	12	thaʌp	6	phsaɛɲ	7
Mon	təkaʰ	6	tɔik	0	soa	13	həmao	7	yɛ̤ʔak	8
										
WORD	smooth		snake		spear		spit		squeeze	
Ten'en_Palian	hadɘy	3	yakɔp	1	byɔ̃h	0	tiɸ	4	ɲpɲɛp	2
Ten'en_Paborn			ykɔp	1			palũɸ	5		
Maniq	gahɛ	2	yəkɔp	1	ʔat	1	tiɸ	4		
Kensiw_Perak	ghɛh	2	ʔikɔp	1	lmeŋ	M3	tiɸ	4	lam	1
Kensiw_Kedah	ghɛʔ	2	ʔikɔp	1	bulus	M2	tiɸ	4	lam	1
Kintaq	ghɛʔ	2	tajuʔ	0	bulus	M2	bec	0	cpı̃t	4
Jahai_Banun	bclac	0	tajuʔ	0	mataʔ	M	kbɛc	0	cpı̃t	4
Jahai_Rual	blac	0	tajuʔ	0	mataʔ	M	kbɛc	0	cpɛ̃t	4
Menriq_Lah	blac	0	jkɔp	1	mataʔ	M	kbɛc	0	cpɛ̃t	4
Menriq_Rual	blac	0	jkɔp	1	mataʔ	M	kbɛc	0	cpɛ̃t	4
Batek_Teh_Taku	blac	0	jkɔp	1	mataʔ	M	kbɛc	0	cpɛ̃t	4
Batek_Teh_Lebir	blac	0	jkɔp	1	bulus	M2	ktɔh	1	cpɛ̃t	4
Batek_Teq			ʔular	M	bulus	M2	kətɔɸ	4	pulɛ̃s	M1
Batek_Deq_Terengganu			ʔular	M	bulus	M2	kətɔh	1		
Batek_Deq_Koh	blac	0	ʔolaʟ	M	bulus	M2	kətɔɸ	4	cəpĩt	4
Ceq_Wong	blɑc (slippery); saluc (smooth)	0	talon	2	ʔɑt	1	kbac	0	cpit	4
Semnam_Bal	slĕc	0	tajuːʔ	0	bulu:s	M2	kbɛːc	0	cpɛ̃ːt	4
Semnam_Malau	slej	0	tajuʔ	0			kbɛːc	0	cpɛ̃ːd	4
Lanoh_Kertei	slec	0	tajuʔ	0			kbɛc	0	cpɛ̃t	4
Temiar_Kelantan	səlej	0	tajuːʔ	0	tarɔg	M5	gətɔh	1	rəyɛd	0
Temiar_Perak	slec	0	taju:ʔ	0	tarɔg	M5	gtɔh	1	ryɛd	0
Semai_Ringlet	slɛc	0	tajuʔ	0	mataʔ	M	tɔh	1	pĩt	4
Semai_Kampar	slɛc	0	tijiːʔ	0	tarɔk	M5	gtɔh	1	rɛt	0
Jah_Hut	blac (slippery)	0	talon	2	lembeŋ	M3	təhuyɛ̃ŋ	2	rɨt	0
Mah_Meri	sliw	1	tijaw	3	tohok	M4	batʰɔy	3	prah	M
Semaq_Beri_Berua	blac (smooth)	0	tijɔ	0	ləmbiŋ	M3	tʰɔh	1	ret	0
Semaq_Beri_Jaboy	blat	0	tijɔh	0	tohoŋ	M4	tʰɔh	1	ʁɛt	0
Semelai	slew	1	tijɔ	0	lmeŋ	M3	tʰɔh	1	prah	M
Kammu	lmɛɛt	4	màr	4	plìas	4	kcúh	6	pʹɨat	4
Khmer_Surin	ləliːɲ	0	pŏah	5			sdɒh	1	cəbac	5
Khmer_Siem_Reap	ləlɔoŋ	5	pŏɔh	5			sdɒh	1	cəbac	5
Mon	kəle kəlot	0	sṳm	6	mɔiŋ	5	cʰɔh	6	pɔt	4
										
WORD	stab		stand		stick		stone		straight	
Ten'en_Palian	cŋɛh	2	hnyaɲ	0	caʔɔk	5	btuʔ	M	plʔɛɲ	4
Ten'en_Paborn	kap	3	hnyaɲ	0	caʔɔk	5	btuʔ	M	hayɔl	5
Maniq	cãgɛ̃	2	həɲyaɲ	0	ɲahuʔ	2	batuʔ	M	palɛɲ	4
Kensiw_Perak	cek	0	hjɔl	5	ʔat	0	batuʔ	M		
Kensiw_Kedah	cek	0	hɲjaɲ	0	ʔamaŋ	6	batuʔ	M	btul	M
Kintaq	tikam	M	hɲjaɲ	0	ʔat	0	batuʔ	M	btul	M
Jahai_Banun	cek	0	hɲjaɲ	0	ʔat	0	batuʔ	M	btol	M
Jahai_Rual	cek	0	hɲjaɲ	0	ʔat	0	batuʔ	M	btul	M
Menriq_Lah	cek	0	hɲjaɲ	0	ʔat	0	batuʔ	M	btul	M
Menriq_Rual	cik	0	hɲjaɲ	0	ʔat	0	batuʔ	M	btul	M
Batek_Teh_Taku	cik	0	hɲjaɲ	0	ʔat	0	batuʔ	M	btul	M
Batek_Teh_Lebir	cik	0	hɲyaɲ	0	ʔat	0	batuʔ	M	btul	M
Batek_Teq	cɔk	0	hɲaɲ	0	kayuʔ	M	batuʔ	M	ʔajɔl	5
Batek_Deq_Terengganu	cek	0	kijew (stand up)	1			batuʔ	M	luros	M2
Batek_Deq_Koh	cɪk	0	hiɲaɲ	0	ʔat	0	batuʔ	M	bətul	M
Ceq_Wong	cək	0	hɲaɲ	0	tkəh	1	tmɔ̃ʔ	0	dŋũk	0
Semnam_Bal	cɔ̆k	0	tə̆t	2	tuŋkăt	M1	batuːʔ	M	plu:ɲ	4
Semnam_Malau	clɨg	1	təd	2	ʔaːd	0	batuʔ	M	tyoːs	M3
Lanoh_Kertei	clɨk	1	tɨt	2	jhũʔ	2	batuʔ	M	sjɛk	1
Temiar_Kelantan	cələg	1	təd	2	ʔaːd	0	batuːʔ	M	sijɛk	1
Temiar_Perak	clɘk	1	tɘt	2	ʔa:d	0	batuʔ	M	sjɛk	1
Semai_Ringlet	cucoʔ	M1	jiɲjək	3	jhuʔ tuŋkat	2	batuh	M	strep	M5
Semai_Kampar	cɔk	0	jiɲjəːk	3	kniːŋ	7	batuːʔ	M	trɔs	M3
Jah_Hut	cɔk	0	niʔjuwɔŋ	3	kərəŋ	3	təmɔʔ	0	dəŋɔy	2
Mah_Meri	tika̤p	M	jɯ̤k	3	lɔ̤k	4	batuʔ	M	rulos	M2
Semaq_Beri_Berua	cʰək	0	ʔaw	4	dlɔŋ	4	batuʔ	M	sblɛ̃k	3
Semaq_Beri_Jaboy	cək	0	ʔaw	4	dlɔŋ	4	tmoh	0	lsoh	6
Semelai	tikam	M	ʔwʔaw	4	dlɔŋ	4	batuʔ	M	rulus	M2
Kammu	kéɲ	4	tɨn	2	snár	8	klàaŋ	1	skár	7
Khmer_Surin	caʔ	0	chuar	6	təmɒːŋ	6	thmɒː	0	trɒŋ	8
Khmer_Siem_Reap	caʔ	0	chɔo	6	təbɔːŋ	6	thmɔː	0	trɒŋ	8
Mon	hapaʔ	5	kətɒ	7	le̤ʔ	9	mɔʔ	0	tɔp	9
										
WORD	suck		swell		tail		thin		this	
Ten'en_Palian	jɔt	1			hatĩʔ	0	jʁis	6	tdɛh	0
Ten'en_Paborn	mam	5	tʁɔʔ	M1	hatiʔ	0	jʁis	6		
Maniq	mam	5	hɨhrɔh	4	hatiʔ	0	lakĩẽn	10	ʔm	1
Kensiw_Perak	kbam	5	kmaŋ	M	htĩʔ	0	kmuʔyoʔ	4	ʔɨ̃h	1
Kensiw_Kedah			kmaŋ	M	htiʔ	0	kmuyoʔ	4	ʔɨ̃h	1
Kintaq	jɔt	1	kmɛŋ	M	htiʔ	0	kmuyoʔ	4	ʔɨ̃h	1
Jahai_Banun	jhɨt	0	kmaŋ	M	hatı̃ʔ	0	lipis	M	tə̃h	1
Jahai_Rual	thol	6	kmaŋ	M	hatĩʔ	0	koros	M2	tə̃h	1
Menriq_Lah	jɔt	1	kɘn	3	hatɛ̃ʔ	0	raŋkɨɲ	5	tɘh	1
Menriq_Rual	kolum	M3	kmaŋ	M	hatɛ̃ʔ	0	nipis	M	ʔũh	1
Batek_Teh_Taku	jɔt	1	kmaŋ	M	hatɛ̃ʔ	0	kurus	M2	tɘh	1
Batek_Teh_Lebir	ʔisəp	M	kmaŋ	M	hatɛ̃ʔ	0	jraŋkɛ̃c	5	tɘh	1
Batek_Teq	jɔt	1	kmaŋ	M	hacɛ̃ʔ	0			tɛ̃ʔ	0
Batek_Deq_Terengganu	jɔt (smoke)	1	ʔɔs	0	hacɛ̃ʔ	0	hətɛl	0	deʔ	0
Batek_Deq_Koh	pɘt	8	kəmaŋ	M	hacɛ̃ʔ	0	jaŋkɛ̃c	5	dɛʔ	0
Ceq_Wong	ɲɔ̃k	3	swah	1	hateʔ	0	stal	0	daʔ	0
Semnam_Bal	so:ʔ	7	kmăk	M	sntaːʔ	0	kbe:t	1	nɔh	0
Semnam_Malau	jhɨːd	0	kmak	M	sntaːʔ	0	kbeːd	1	nɔh	0
Lanoh_Kertei	jhɨt	0	kmak	M	sntaʔ	0	kurus	M2	nɔoh	0
Temiar_Kelantan	jɔd	1	hı̃s	0	sɛntaːʔ	0	pəheɲ	2	doh	0
Temiar_Perak	jod	1	puk	2	sntaʔ	0	phẽŋ	4	doh	0
Semai_Ringlet	ɲoʔ	4	kmbaŋ	M	sntaʔ	0	ŋsɛy	3	dɛh	0
Semai_Kampar	loːt	9	ʔas	0	sntaːʔ	0	ŋsɛy	3	dɛh	0
Jah_Hut	sdot	M2	bkak	M2	sntaʔ	0	nipis	M	dɔh	0
Mah_Meri	ʔisap	M	bəŋkaʔ	M2	[ʔiku]	M	sey	3	nɔhɔ̃ʔ	0
Semaq_Beri_Berua	mbɔt	8	ʔɑs	0	hateʔ	0	ʔiɲsɛ̃y	3	nɔʔ	0
Semaq_Beri_Jaboy	sɔ̃k	3	ʔas	0	hateʔ	0	mipis	M	naʔ	0
Semelai	ʔɲuk	3	ʔɒs	0	pɒs	1	sey	3	ʔnɔʔnɔʔ	0
Kammu	tʹɨat	10	ès	0	hntá	0	hntà	7	kìi	2
Khmer_Surin	mem	5	hʌːm	5	kəntuy	0	sdʌːŋ	8	nih	0
Khmer_Siem_Reap	baɨ̯	11	haʌm	5	kətʊy	0	sədaəŋ	8	nih	0
Mon	so̤t	1	kṳʰ	6	hətaʔ	0	krɔy	9	nɔʔ	0
										
WORD	thou		three		throw		tie		tongue	
Ten'en_Palian			tigaʔ	M	hmat	M3	sɨh	1	ltik	0
Ten'en_Paborn			tigaʔ	M	hamat	M3				
Maniq	mɔh	0	tigaʔ	M	hamat	M3	ʔikɛt	M2	latik	0
Kensiw_Perak	bɔʔ	0	tigaʔ	M	hwit	1	ʔikɛt	M2	lntik	0
Kensiw_Kedah	bɔʔ	0	tigaʔ	M	cek	5	ʔikɛt	M2	ltik	0
Kintaq	muh	0	tigaʔ	M	cek	5	ʔikɛt	M2	ltik	0
Jahai_Banun	pay/mɔh	0	tigaʔ	M	hakɔk	0	rbɛt	M	lntek	0
Jahai_Rual	mɔh	0	tigaʔ	M	hakɔk	0	ʔikɛt	M2	lntek	0
Menriq_Lah	bɛʔ	0	tigaʔ	M	tukul	M3	ʔikɛt	M2	lntik	0
Menriq_Rual	mɔh	0	tigaʔ	M	paŋkaʔ	4	ʔikɛt	M2	lntik	0
Batek_Teh_Taku	mɔh	0	tigaʔ	M	paŋkaʔ	4	ʔikɛt	M2	lntik	0
Batek_Teh_Lebir	bɛʔ	0	tigaʔ	M	pntɔŋ	6	tamɛt	M4	lntik	0
Batek_Teq	mɔh	0	tigaʔ	M					lntik	0
Batek_Deq_Terengganu	mɔh	0	tigaʔ	M			ʔikɛt	M2	ləntik	0
Batek_Deq_Koh	mɔh	0	tigaʔ	M	pəntɔŋ	6	ʔikɛt	M2	ləntĩk	0
Ceq_Wong	mɨ̃ʔ	0	pɛt	0	kaloŋ	M	siat	M3	latek	0
Semnam_Bal	mĭh	0	tiga:ʔ	M	bdaːl	M1	bə:k	0	lnta:k	0
Semnam_Malau	mih	0	tigaʔ	M	bdaːl	M1	bəg	0	lntag	0
Lanoh_Kertei	mih	0	tigaʔ	M	bdal	M1	bɨk	0	lntak	0
Temiar_Kelantan	hãːʔ	1	nɛʔ	1	bədal	M1	bəg	0	lɛntaːg	0
Temiar_Perak	hã:ʔ	1	tigaʔ	M	bɘs	3	bɘk	0	lntak	0
Semai_Ringlet	hɛːʔ	1	niʔ	1	pɛc	2	bək	0	lnta:k	0
Semai_Kampar	hɛːʔ	1	niːʔ	1	pɛc	2	bək	0	lnta:k	0
Jah_Hut	ʔimah	0	tigaʔ	M	limpar	M2	jkət	M2	lntak	0
Mah_Meri	hiʔ	1	m̥peʔ	2	we̤t	1	bək	0	[lidah]	M
Semaq_Beri_Berua	heʔ; ja	1	mpɛʔ	2	paŋkah	4	bək	0	lpɛs	1
Semaq_Beri_Jaboy	heʔ	1	hmpɛʔ	2	wɛn	1	bək	0	lpɛs	1
Semelai	ji; kɑ	2	hmpɛʔ	2	wen	1	bək	0	lpɛs	1
Kammu	mèe	0	pé	2	wát	1	kmhót	2	hntáak	0
Khmer_Surin	ʔɛːɲ	3	bɛy	2	cɔːl	7	cɒːŋ	3	naːt	2
Khmer_Siem_Reap	nĕaʔ	4	bʌy	2	caɔl	7	cɔːŋ	3	ndaːt	2
Mon	ɗeh	4	poeʔ	2	klɔh	8	kleaŋ	4	kətaik	0
										
WORD	tooth		tree		turn		two		vomit	
Ten'en_Palian	lmiɲ	1	yhũʔ	0	twiɲ	2	kmam	2	kmɨʔ	0
Ten'en_Paborn	lmiɲ	1	ɲhũ̆ʔ	0	nʁaʔ	4	kmam	2	bkah	0
Maniq	lamiɲ	1	ɲahuʔ	0			kəmam	2	kɨʔ	0
Kensiw_Perak	hãɲ	0	ʔihũʔ	0	wlwɛl	0	duwaʔ	M	kɘʔ	0
Kensiw_Kedah	ɲus	2	tom ʔihũʔ	0	posiŋ	M	dwaʔ	M	kəʔ	0
Kintaq	ɲus	2	tom ʔihũʔ	0	ʔɲwɛ̃ɲ	2	bi	0	kəʔ	0
Jahai_Banun	hɛ̃ɲ	0	jhũʔ	0	posiŋ	M	dwaʔ	M	kɨʔ	0
Jahai_Rual	hɛ̃ɲ	0	jhũʔ	0	posiŋ	M	dwaʔ	M	kɨʔ	0
Menriq_Lah	hãɲ	0	kayuʔ 	M	kliliŋ	M1	dwaʔ	M	kɘʔ	0
Menriq_Rual	hãɲ	0	phon kayuʔ	M	posiŋ	M	dwaʔ	M	kɨʔ	0
Batek_Teh_Taku	jʔiŋ hãɲ	0	kayuʔ 	M	pusiŋ	M	dwaʔ	M	kɘʔ	0
Batek_Teh_Lebir	hãɲ	0	kayuʔ 	M	limpɔw	3	dwaʔ	M	kɘʔ	0
Batek_Teq	tulaŋ hãɲ	0	kayuʔ	M			duwaʔ	M	kɘʔ	0
Batek_Deq_Terengganu	haɲ	0	kayuʔ 	M			duwaʔ	M	kəʔ	0
Batek_Deq_Koh	tulaŋ hãɲ	0	kayuʔ 	M	pusiŋ	M	duwaʔ	M	kɘʔ	0
Ceq_Wong	lmũɲ	1	jhũʔ	0	pusiŋ	M	ber	0	kəʔ	0
Semnam_Bal	lmɔ̆ɲ	1	ɲhũ̆ʔ	0	ʔilˈw`:l	0	naːy	1	kŏʔ	0
Semnam_Malau	lmɔːɲ	1	ɲhũːʔ	0	pusik	M	naːy	1	koʔ	0
Lanoh_Kertei	mɔɲ	1	jhũʔ	0	posik	M	nar	1	kɔoʔ	0
Temiar_Kelantan	mɔɲ	1	jəhũʔ	0	wɛl	0	naːr	1	koʔ	0
Temiar_Perak	mɔ:ɲ	1	jhu:ʔ	0	ʔawã:t	1	naːr	1	ko:ʔ	0
Semai_Ringlet	lmu:ɲ	1	laləw	3	pusiŋ	M	naːr	1	kəːʔ	0
Semai_Kampar	lmu:ɲ	1	kni:ŋ jhuːʔ	0	wɛl	0	naːr	1	kɨːʔ	0
Jah_Hut	lmuɲ	1	nɔhɔ̃ʔ	0	kisar	M2	nar	1	kʔkuʔ	0
Mah_Meri	jəmɔy	1	təkɔh	1	puse̤k	M	m̥ba	0	kuʔ	0
Semaq_Beri_Berua	lmɔɲ	1	dlɔŋ	2	wic	2	mar	0	kuʔ	0
Semaq_Beri_Jaboy	lmɔn	1	dlɔŋ	2	pusiŋ	M	hma	0	kuʔ	0
Semelai	lmɔɲ	1	dlɔŋ	2	pusiŋ	M	dwaʔ	M	kʰuʔ	0
Kammu	ráaŋ	3	sʔʹɔɔŋ	4	knwèr	0	pàar	0	hʹɨal	1
Khmer_Surin	thmɪɲ	1	dʌːm chəː	5	kəmɛː	5	piːr	0	kəʔʊːt	2
Khmer_Siem_Reap	thmeɲ	1	daʌm chəː	5	baɛ	5	pɪː	0	kəʔuot	2
Mon	ŋɛ̤ak	4	nɔm cʰuʔ	5	hətah	6	ɓa	0	həʔɒʔ	3
										
WORD	walk		wash_bathe		water		we_PL_INCL		wet	
Ten'en_Palian	wah	3	gaʔet	5	btew	2			pjɛ̃ʔ	0
Ten'en_Paborn	wah	3	gaʔit	5	btew	2			pjɛ̃ʔ	0
Maniq	wa	3	kɔp	8	batew	2	ʔiɲ	6	pãcẽʔ	0
Kensiw_Perak	cɨp	0	ʔnay	0	btew	2	yam	1	pcuʔ	0
Kensiw_Kedah	cɨp	0	ʔnlay	0	btew	2	heʔ	0	pcuʔ	0
Kintaq	cɨp	0	ʔnlay	0	btew	2	heʔ	0	pcuʔ	0
Jahai_Banun	cɨp	0	ʔnay	0	tɔm	0	heʔ	0	pcɛ̃ʔ	0
Jahai_Rual	cɨp	0	ʔnay	0	ʔɔ̃ŋ	1	heʔ	0		
Menriq_Lah	cɨp	0	ʔilay	0	tɔm	0	hiʔ	0	pcãʔ	0
Menriq_Rual	cɨp	0	ʔnay	0	tɔm	0	hiʔ	0	pcãʔ	0
Batek_Teh_Taku	cɨp	0	ʔilay	0	tɔm	0	hiʔ	0	pcãʔ	0
Batek_Teh_Lebir	cip	0	ʔilay	0	tɔm	0	ʔipãh	3	pcãʔ	0
Batek_Teq	cɨp	0	ʔnlay	0	tɔm	0	ʔipah	3		
Batek_Deq_Terengganu	cɨp	0	ʔnay	0	tɔm	0	heʔ	0	pəcãʔ	0
Batek_Deq_Koh	cɨp	0	ʔnay	0	tɔm	0	heʔ	0	pəcãʔ	0
Ceq_Wong	cɨp	0	mamũh	1	tɑm	0	hɛʔ	0	mʔɑ̃c	1
Semnam_Bal	ci:p	0	mamuːh	1	ʔɔ̃̆̆ŋ	1	ʔɛːʔ	0	mʔã:c	1
Semnam_Malau	ciːb	0	jəp	2	ʔɔ̃ːŋ	1	ʔɛːʔ	0	mʔãc	1
Lanoh_Kertei	cip	0	mamuh	1	ʔɔ̃ŋ	1	ʔɛʔ	0	kʔãc	1
Temiar_Kelantan	ciːb	0	muh	1	ʔɔːk	1	ʔɛːʔ	0	kəʔãːj	1
Temiar_Perak	ci:p	0	mamuh	1	ʔɔ̃:ŋ	1	ʔɛ:ʔ	0	kʔã:c	1
Semai_Ringlet	ci:p	0	muh	1	te:w	2	ji:ʔ	2	kʔa:c	1
Semai_Kampar	ci:p	0	mamuh	1	te:w	2	heːʔ	0	kaʔãːɲ	1
Jah_Hut	cip	0	maʔmuh	1	tow	2	ʔihɛʔ	0	gsɛʔ	0
Mah_Meri	cɔʔ	1	hum	3	do	3	hɛ	0	cɛcɛ̃ʔ	0
Semaq_Beri_Berua	swak	2	mɔc	4	tɔm	0	hɛ	0	məʔɔ̃c	1
Semaq_Beri_Jaboy	swak	2	mɛ̃h	1	tɔm	0	hɛh	0	sʔĩh	4
Semelai	swak	2	hũm	3	dak	4	hɛ 	0	tkɔh	3
Kammu	yɔh	1	mùum	3	òm	5	ì	0	skʹɔ	3
Khmer_Surin	dʌːr	4	ŋuːt tɨʔ	6	tɨʔ	4	yɨːŋ	4	sʌːm	5
Khmer_Siem_Reap	daʌ	4	mɔːc tək	4	tək	4	yəːŋ	4	saʌm	5
Mon	kwaik	2	krat	7	ɗaik	4	poi tɔʔ	5	ɗɐk	6
										
WORD	what		when		white		who		wind	
Ten'en_Palian	kləw	2	tigaw	4	plyɛk	1	ʔeʔ klɨɲ	9	bwaʔ	A
Ten'en_Paborn	kalɘw	2			malũk	5			bwaʔ	A
Maniq	kalɨw	2	ʔaʔ ce	9	paliek	1	kuʔ cɔʔ	8, 4	buwaʔ	A
Kensiw_Perak	ləw	2	bilaʔ	M	phɛ̃ŋ	3	tom mniʔ	8	bɛwaʔ	A
Kensiw_Kedah	mɛgaʔ	8	jɛnhah	3	pltaw	0	tom mniʔ	8	bɛwaʔ	A
Kintaq	mɛgaʔ	8	jɛnhah	3	pltaw	0	tom mniʔ	8	bɛwaʔ	A
Jahai_Banun	mamɛy	0	mapuʔ	0	puteh	M	makɛn	0	bgiw	0
Jahai_Rual	mamɛy	0	mapuʔ	0	bkɔɲ	4	makɛn	0	bgiw	0
Menriq_Lah	ʔaləw	2	bilaʔ	M	bkɔɲ	4	makɛn	0	hphip	6
Menriq_Rual	cay bap	1	bilaʔ	M	pltaw	0	makɛn	0	ʔaŋin	M
Batek_Teh_Taku	ʔalɘw	2	bilaʔ	M	bkɔɲ	4	ʔalɘw	1	ʔaŋin	M
Batek_Teh_Lebir	ləw ʔay	2	bilaʔ	M	bkɔɲ	4	nakɛn	0	ʔaŋin	M
Batek_Teq	ʔay ləw	2	bilaʔ	M	pltaw	0	batɛk ləw	1		
Batek_Deq_Terengganu	ʔay ləw	2	masaʔ ʔay ləw	1	puteh	M	ʔoləw 	1	ʔaŋen	M
Batek_Deq_Koh	ʔay lɘw	2	bilaʔ ʔay lɘw	1	pəltaw	0	ʔoʔ lɘw	1	ʔaŋin	M
Ceq_Wong	coʔ	3	pon 	2	putih	M	biʔ ʔay	2	hɔŋ	1
Semnam_Bal	loʔ	4	beːl	7	pltaːw	0	diːʔ	3	sya:k	2
Semnam_Malau			beːl	7	pltaːw	0	diːʔ	3	payək	2
Lanoh_Kertei					byuk	1			parɨk	2
Temiar_Kelantan	loʔ	4	beːl	7	bəyuːg	1	cɔːʔ	4	hɛlnũːl	3
Temiar_Perak	lo:ʔ	4	be:l	7	byuk	1	cɔ:ʔ	4	parɘk	2
Semai_Ringlet	maːh	5	biləh	M	byɛːk	1	boːʔ	7	pinoːy	5
Semai_Kampar	maːh	5	mpɛl	7	byɛːk	1	bɔːʔ	7	pinoːy	5
Jah_Hut	mnə	M	pəʔ nɔn	0	putih	M	ɲah	5	mhɔŋ	1
Mah_Meri	masə, namaʔ	5	bilaʔ	M	putih	M	humaʔ	6	buwaʔ	A
Semaq_Beri_Berua	maʔay	6	bilaʔ	M	ponhəl	2	ʔiŋkɔʔ	8	tahor	4
Semaq_Beri_Jaboy	mah	5	bilaʔ	M	sulok	5	ʔŋkɔʔ	8	choŋ	1
Semelai	(mande)hmɔh	5	mreʔ; bilaʔ	M	putih	M	kadeh	3	ribut	M
Kammu	mʹəh	5	yèm mə	5	klʹɔɔk	5	mə	6	hŋkúur	7
Khmer_Surin	sdey	9	kɔl laː	6	sɒː	6	ʔaraː	10	khyɒl	8
Khmer_Siem_Reap	ʔavʌy	10	peːl naː	7	sɔː	6	nonaː	11	khyɒl	8
Mon	mo̤ʔ rao	5	cəlɔʔ rao	8	saik pṳʔ	7	ɲɛ̤h ko̤h rao	5, 8	ca	9
										
WORD	wife		wing		wipe		woman		woods	
Ten'en_Palian	bdɔn	6	paʔec	2	lyɛc	4	bdɔn	5		
Ten'en_Paborn			paʔic	2	ʔisiʔ	5	bdɔn	5		
Maniq	bɛdɔn	6	paʔec	2	cet	7	bɛdɔn	5	kahɨp	0
Kensiw_Perak	mabɛh	5	sayap	M	pɨs	0	mabɛh	0	kahɨp	0
Kensiw_Kedah	mabɛh	5	sayap	M			mabɛh	0	kahɨp	0
Kintaq	mabɛh	5	sayap	M	sapuh	M	mabɛh	0	kahɨp	0
Jahai_Banun	kneh	0	klapəh	0	pɨs	0	baboʔ	0	hɨp	0
Jahai_Rual	kneh	0	sayap	M	pɨs	0	bɘʔ	0	hɨp	0
Menriq_Lah	kneh	0	sayap		sapuh	M	baboʔ	0	hɘp	0
Menriq_Rual	knih	0	sayap	M	pɨs	0	baboʔ	0	hɨp	0
Batek_Teh_Taku	kneh	0	sayap	M	sapuh	M	baboʔ	0	hɘp	0
Batek_Teh_Lebir	knih	0	sayəp	M	sapuh	M	baboʔ	0	hɘp	0
Batek_Teq	kneh	0	sayap	M			yalɨw	1	həp	0
Batek_Deq_Terengganu	kəneh (& kəndeh)	0	cəŋ	1			yalɨw	1	həp	0
Batek_Deq_Koh	kəneh	0	sayap	M	sapuh	M	yalɘw	1	hɘp	0
Ceq_Wong	jəʔ	1	prac	2	bɨl	1	koŋ	2	brtɛʔ	1
Semnam_Bal	kdɔːy	2	pyɛ̆c	2	pɔːs	0	baboːʔ	0	byiːʔ	2
Semnam_Malau	kdɔy	2	klapuoːh	0	sapuːh	M	baboʔ	0	byiʔ	2
Lanoh_Kertei	lɛh	3	kɲɛŋ	1	sapuh	M	baboʔ	0	hɨp	0
Temiar_Kelantan	lɛh	3	kɛnyɛːk	1	giːd	2	baboːʔ	0	sərɔk	3
Temiar_Perak	lɛh	3	kɲyɛk	1	gi:d	2	baboʔ	0	srɔk	3
Semai_Ringlet	knah	0	kɲɛːk	1	sapuh	M	kərdoːr	3	srak	3
Semai_Kampar	knah	0	kɲɛːk	1	git	2	krdoːr	3	srak	3
Jah_Hut	kənah	0	kpaʔ	M2	kwak	3	kaʔkəŋ	2	breʔ	2
Mah_Meri	kədo	2	kəmpɛ̤k	3	tampɔs	0	kədo	3	məri	2
Semaq_Beri_Berua	kmpən	4	prəc	2	gɔsɔk	M2	gadəʔ	4	bri	2
Semaq_Beri_Jaboy	gadəʔ	7	kpaʔ	0	gɔsɔk	M2	gadəʔ	4	brih	2
Semelai	kmpən	4	prəc	2	sapuʔ	M	krdor	3	bri	2
Kammu	kmprà	8	pnʹɨɨr	4	ɔɔt	6	cmkʹɨn	6	prì	2
Khmer_Surin	pəpŏan	4	slaːp	5	cuːt	7	srɛy	7	prɪː	2
Khmer_Siem_Reap	pəpŏʌn	4	slaːp	5	cuːt	7	srʌy	7	prey	2
Mon	prɛ̤a	8	n̥ɛaŋ	1	cɜ̤t	7	ɲɛ̤ʰ prɛ̤a	8	kro̤p	4
										
WORD	you_PL									
Ten'en_Palian										
Ten'en_Paborn										
Maniq	mɔh	9								
Kensiw_Perak										
Kensiw_Kedah										
Kintaq										
Jahai_Banun	gin	0								
Jahai_Rual	gin	0								
Menriq_Lah	gɨn	0								
Menriq_Rual	jmpay	6								
Batek_Teh_Taku	jmpãh	7								
Batek_Teh_Lebir	gɨn ʔamal	0								
Batek_Teq	jəm pah	7								
Batek_Deq_Terengganu										
Batek_Deq_Koh	gɨn	0								
Ceq_Wong	jin	1								
Semnam_Bal	yuːh	5								
Semnam_Malau										
Lanoh_Kertei										
Temiar_Kelantan	ɲɔb	2								
Temiar_Perak	ɲɔb	2								
Semai_Ringlet										
Semai_Kampar	ŋkeːʔ	8								
Jah_Hut	yɔn	1								
Mah_Meri	––									
Semaq_Beri_Berua	––									
Semaq_Beri_Jaboy	––									
Semelai	je=ʔen	4								
Kammu	pɔɔ	7								
Khmer_Surin	phʊːŋ ʔɛːɲ	8								
Khmer_Siem_Reap	puoʔ nĕaʔ	7								
Mon										
